Student_ID,Study_Hours_Per_Week,Attendance_Percentage,Prior_GPA,Group_Project_Engagement,Average_Sleep_Hours,Exam_Score
1,16.232524516199774,82.43431805880391,1.9796683117968572,3.406041665812917,7.320227138498631,84.52050495464756
2,38.127143643576815,49.15234257485568,2.308428905288802,0.7171188884765101,7.01879483530924,91.75118968880741
3,29.815769788833393,74.57730161000879,2.0666410055674698,4.096288948952321,5.163178407621356,88.43509159132132
4,24.74902239948739,76.40290278297135,2.3874907645798435,3.1121749506339356,9.152900627008929,92.85256080365615
5,7.928708336812588,65.44784027814316,1.6735596068652334,6.7712063973500936,8.061644697981023,63.79465095219783
6,7.9277917727757,84.18665413748337,2.797649477270676,6.057792494526904,9.02745024911082,78.3144295007832
7,4.207177262391579,96.06202088614089,1.6690314089805374,3.6459372819754,9.152585676096834,61.88528787623172
8,34.91469353944753,95.53411077440657,3.500891269555904,2.178925542549901,8.490135121994438,100.0
9,24.842370446241933,67.05036228424792,2.0842802047760824,9.880359661555918,6.635263607498304,92.80161918032569
10,28.906757956249727,46.79428275044532,2.8500297865112767,4.540016211961149,7.663280530092547,91.1506108037154
11,2.782210783240493,99.09047193774008,3.7001977189036457,6.88274235780237,4.962192436718459,85.84378981579502
12,38.856574382155785,90.33388518675605,3.127193422617985,1.4055296757836078,8.041872504849447,100.0
13,33.632820350416026,47.47976087219601,2.8323944663783385,4.855896996593978,5.075519534435685,89.6325055613611
14,10.068886205774493,95.25051295704233,2.310834382788439,0.27536719869465487,8.163697543060941,75.94665494042601
15,8.909348753869823,92.1937817237277,2.3325047826454948,5.054551179104499,5.377588964523812,70.1376953511618
16,8.969371374430485,71.13028342756432,3.173717387995475,9.640174071177023,4.70530780090132,88.10267256507285
17,13.561205232462434,75.47652614469575,3.9853484030529187,3.8420671298580023,4.991706940857744,82.96286384143099
18,21.94074440202504,63.94016223220781,3.1545979746234467,0.38996012574911587,4.011952811314422,76.0725424177683
19,18.413910708400397,43.28569832932188,2.8944585434250625,0.3095579091934353,8.31243770712118,62.55405710433502
20,13.066707327525593,60.11183449875406,3.326626275598115,3.879867599468695,8.394406294350276,77.02723081970933
21,25.25040999945042,88.17120691588069,2.663014030709295,1.6002493646319405,7.089600099479557,97.93368491918673
22,7.3007667047775895,40.27792138027617,1.650355856501963,0.23352096328185912,4.968176806332302,44.356054610922655
23,13.10149664433829,60.00995030146865,2.9057420396947746,7.562136139501768,4.501326025064138,83.97923494992665
24,15.921750045160284,63.8901216154566,3.8940632112634503,4.585230088818907,4.114773798623722,89.13460322364654
25,19.330659400247367,72.24373617627538,1.9382573558941492,2.8924477197265452,4.994489061791324,69.14038337556161
26,31.836686532934518,95.19133698476563,3.225012227051664,9.000831830164808,9.34513320989888,100.0
27,9.58760372201767,60.780759661957674,2.002334221647641,1.161389602005256,5.449221050210091,52.892035815322565
28,21.540908659717243,60.81719211377366,2.8395692111827033,9.559188289553193,6.125627963303294,100.0
29,24.511753616757613,84.25007488658491,1.741691124116799,3.139667173773528,4.632072906887999,77.54232840226665
30,3.7651156833599133,67.13307645338843,2.625927340645463,8.884036723086812,5.334167828489022,75.59560356834622
31,25.08670437225466,53.47628937639892,3.390408322238115,6.029428764794615,7.1153474246812305,99.36077107685647
32,8.479916700117078,67.1463709679616,2.3689288105974553,8.267073597414875,7.646516098573915,84.72372274164917
33,4.471960533440622,48.45142122278799,3.162279311218045,9.840131632104644,5.472113884997267,69.79243068459633
34,38.05765041562666,50.5832191903734,3.488624901974323,2.8840543781874572,4.346392955350703,100.0
35,38.694017256833256,69.90206636436878,3.8179445486986316,9.61135485407593,6.346197214764392,100.0
36,32.71909922842552,65.13552697027288,2.0866052046386336,3.8948189490242036,5.405220225558005,88.5836616797118
37,13.575323228588086,94.890754064086,2.4982897895232705,3.8551190473692234,5.317323539378812,74.78721924072734
38,5.711540332242587,61.74363394699799,1.8810400333260435,3.403871042545057,9.759176816280732,49.96313740510671
39,28.00085500746196,74.8353010166826,3.981208755395938,5.414076073475852,7.697802915554345,100.0
40,18.72579476210485,77.93585727517183,3.8175024198107383,1.541450431784871,7.341270659032576,82.16327765927642
41,6.637452924101595,40.78566739530002,2.849892825701399,5.537114853580112,6.4946506211399315,60.41441314651934
42,20.816722584228266,79.81224232100263,3.605083235941053,5.41704812410004,6.573666000580865,100.0
43,3.306763802378299,50.682158012185084,2.802394943180105,7.6190181260487,7.245430023028485,66.6882262159125
44,36.55417527899372,97.66421904816731,3.0589642200068994,8.336499619375855,8.178578842216643,100.0
45,11.833639300800643,48.91976366518678,1.7228110802900416,4.404413503124241,8.212876577090977,62.39716113025128
46,27.175846805451314,64.87744742362142,3.38817605124202,3.0233324935149373,5.030163446232697,100.0
47,13.845020891397617,45.12098008471863,1.8192837090880871,2.5933489731709445,7.000676512459762,54.077334735804904
48,21.762584804756813,99.81245511075684,3.565169075631321,1.9462383670487193,6.471748570204612,97.29622527891848
49,22.774990615044626,70.13170061987455,3.4550702191759646,0.5764758219902488,9.223161797616305,86.71938568908834
50,9.024469309970026,75.72310103920262,3.271861744357441,3.424479788347133,7.788513527310259,82.46795821564032
51,38.84421585505323,44.02458864330565,1.5904009513119053,2.7024769213078326,7.195024398495891,91.38204649634775
52,31.45504728772235,84.99762822395067,2.2578208898633214,9.664173858664073,4.692367853073504,100.0
53,37.70095977943919,52.594335585735145,2.157781424777107,5.577088262500439,7.6338273359404685,100.0
54,36.003439316250656,93.88325736644282,2.4003410186787977,3.4727703903050755,4.7032234340814005,100.0
55,24.720199194821234,52.308378428920435,1.7191068669095964,5.80467600993696,6.023239453394512,86.79003273633646
56,37.03122093087844,51.441263239819996,3.842394557577657,1.391967013456955,4.857051788885991,100.0
57,5.362715077972941,42.192980070885696,2.8845056017809405,4.4404374920220295,8.152441882146213,64.7291938993155
58,9.447348771927517,68.32401670659996,2.263810776645059,6.262343214210638,5.237512683016916,79.38758971925567
59,3.7186369786004465,73.89046799575698,2.4924537926857084,4.888978317924514,6.351156239128156,57.74297095975459
60,14.362552569004045,43.94251836570114,2.618006351262089,4.017788006543243,9.374048665712671,67.91442002613398
61,16.769737008200316,86.53165700170064,3.001485833401543,9.938483888996982,5.225898300393822,94.83845611148797
62,12.311263207408045,67.19733008488166,2.789198569241244,8.80314762148927,7.046830383752675,87.79597889999363
63,33.492025347773314,71.4634161596548,3.7984799330360435,6.234059581594401,6.515629966996132,100.0
64,15.556626414356392,66.44576481629369,2.7424087072645755,5.693773611822827,4.108744246274378,82.96858146429483
65,12.67551136812047,64.04578365251956,3.9803950370582815,6.2066047982458405,8.756548681436877,97.36545890524106
66,22.62245116001344,73.57841987849307,3.6285623943627394,2.0131210782243327,4.414275437887598,94.81464903689461
67,7.355120549040981,49.31441475584275,2.0212762858933395,3.951377432643186,6.845530125861721,57.95924986382831
68,32.48348526865351,50.91568782971627,3.8264880366097906,0.3945953289089932,7.3640697696337,91.72438905417091
69,4.8329244598312915,91.70713726081104,1.7909159947136901,4.7554603748682664,7.770558739687522,64.43887005800259
70,39.50170359081966,96.76692772801796,3.543624271227979,5.4302458395766315,8.131789775847253,100.0
71,31.34530123327298,62.398558976785175,2.45155823369145,2.277497361032096,5.519634301136291,93.2560132485868
72,9.551195898298552,56.244680388613226,3.6949358011126736,9.640288471655138,4.059872659950696,83.36533456947777
73,2.209840450696891,78.63997259434095,3.6701417252686257,9.09454610937242,8.340661974129471,83.15923465839634
74,32.9875342812837,64.52405026588579,3.514813500294053,7.221432354559059,7.2139395960854715,100.0
75,28.86057906620945,41.52318133962069,3.4750760907676534,5.333866287653626,9.016706219243492,91.0656879415171
76,29.702272385557517,49.36915584197142,2.261697847745102,8.69969159647685,8.928330177404167,100.0
77,31.30827317406594,82.95833373084386,1.7022982076281306,1.3065234382346291,9.059957006727299,85.17830501937814
78,4.8136967658954335,79.53543651460907,2.5074504469129035,7.90509794274885,6.910567959877241,76.32325426489022
79,15.62169768468236,41.62575955020901,1.9338112874662716,1.248208139668483,6.001770375021194,62.43803686255363
80,6.403024261954929,53.318329715976965,3.2373777222561544,7.942106625494054,8.74934921554822,69.75834803398641
81,34.797930183272555,53.86448779528428,2.365249316344464,2.7576756825135695,6.707764678175529,92.63906294999232
82,25.6853288194472,80.3135646159237,3.939025502149787,8.770905810181889,5.1006531784206075,100.0
83,14.574124944400669,41.18263226526185,3.10243019336333,9.440420938253979,9.129844117368846,83.54564187373613
84,4.415217310868898,46.24651491907443,3.556201409085902,1.4879596940511564,9.295359260634083,77.09841903414551
85,13.817328225195164,87.99496512239136,1.8313116818546211,4.626756050653935,6.797858536841021,69.04841823877848
86,14.356966237016387,50.71267972326002,3.655036205681556,9.809873781626852,4.454198363858724,93.00579911967448
87,29.725034776846435,79.16476647111247,3.806892976283486,4.834074359731466,6.326956539501587,100.0
88,26.2271839114981,54.29096686280359,2.7176547970473397,8.635475225145452,8.82122595677562,100.0
89,35.71408421790041,45.96648356556071,3.0156323443774435,5.887315221313198,9.410644171277372,100.0
90,19.944167156154073,54.590331459967246,3.4120245022574887,3.753299079196019,5.220836454985575,79.83073503405194
91,6.544581345655464,83.33601591133956,1.9370965681510315,2.857835555258702,4.40184167215163,63.737167479738005
92,29.10330191447381,91.34178808637714,2.756415191158606,2.0322309108608727,9.264102718797032,93.02931808192419
93,30.909831847442103,89.8131918740195,2.496657569430783,7.617981913776973,6.3364296338732515,100.0
94,23.328533507640856,63.83101177710729,1.8659349804056227,3.8654050682302787,7.25056578560538,81.16957232441634
95,31.296752838273317,80.08510819423877,2.4188360557288284,5.112754622007511,9.808394872304554,100.0
96,20.764232661846847,52.29905772494926,1.670430773463734,4.9232548000118195,4.399388367485337,75.53231076858404
97,21.863847516515776,57.588863815660794,1.5645297673737175,5.772790292331313,7.889908044712573,79.02126134546303
98,18.246558697624884,93.78014911126718,1.8379157228870568,8.655771456245523,4.444632535449203,90.66221127277096
99,2.9659268162756174,40.780115410644164,3.9077877789729345,9.807393435834294,6.2528135707990025,69.92384740944051
100,6.09987422574557,45.13051185126808,2.8738238397375424,4.075842085738169,8.822887271160681,59.259041336735685
101,3.1943090560959018,52.47317530876164,3.91455540288305,8.27518922106303,6.600833396533806,82.24226690556812
102,26.183595628023657,41.59193223242918,2.5812446958253297,7.645277946547177,9.983094123417702,97.84603299288464
103,13.945527280900414,50.88612610538784,2.279540332713149,5.735289514555733,7.354355709679613,69.67275878537971
104,21.325686264258707,74.98249365818154,2.7653546571006102,9.56047143611933,5.926972915815721,98.11334882834448
105,36.487526009191534,65.28547303554987,2.5987792215822756,2.004745155284028,5.320667955428519,92.59864072134972
106,11.473104707657248,93.56030266461849,1.76416171065436,1.0926421030962141,6.103123205716971,74.83255701942292
107,17.59455107535393,89.04661370430645,3.1020657867255155,8.539619669554222,6.235199642557305,100.0
108,30.71094326463585,60.509041101872555,2.040095456273999,4.391498166337483,4.412282066343765,96.953945422983
109,10.694330288681654,55.56540600587755,3.048969887244574,8.469688542070605,6.217445196560639,74.64685715678698
110,4.925236573494134,62.78154449003601,3.1255027309953833,8.930902051954149,6.7854311184353495,74.74306987818453
111,13.010555210723185,75.41769655088846,1.8800621328216203,0.6245759361907144,8.336426513432828,67.77363833452326
112,8.126408915652167,56.08381844937257,1.6533740677766704,8.834647629860607,7.940376908329648,69.71585937203933
113,37.32851078901778,77.44893447094805,3.4519039651710997,4.483190553694222,8.252593931374925,100.0
114,32.70857442344784,64.56469913147443,2.6495010594233004,5.104324890042323,4.050182091261142,92.83683624119422
115,26.069342747396092,73.1228308511188,1.6454094887636894,6.265925110932102,5.306004397483216,91.3232895512888
116,35.11550242713327,66.16759174811901,3.9871657929244178,9.263826067300867,7.970105730399139,100.0
117,32.53953892216635,57.66794557251506,1.6444514024909167,0.1911609442976403,6.903936209078482,75.18532636324045
118,9.089662237669362,96.9071984177294,3.237588072146383,4.768434683178171,4.031880854010076,91.33370194851004
119,35.91724194261916,85.81634764958565,3.959197313158534,6.877220424305607,8.826967854590933,100.0
120,22.49500519279473,48.40679054598715,2.097950260539814,7.227069576982284,8.636857439742023,83.22233955761247
121,32.68272589623437,92.10807855387478,1.8556234217179903,6.92532431537108,7.290514977961376,100.0
122,36.051469397092745,69.24587189497082,1.8034623485560721,1.3443512940812186,4.398779954657632,91.97627154659529
123,14.084132048930828,93.67313361364549,2.2581878689189887,2.9939558837168123,8.599090297195508,77.70093861618925
124,6.181973132051716,87.99131535683891,1.7526145275266167,3.587155254170135,7.502281526388184,66.47164184440794
125,10.661536176593785,65.512810268154,3.23040335423533,8.04437207679505,8.691759862947755,74.72229140860492
126,18.23009596779774,41.348158499207045,1.6557294953251567,2.7875987241455302,8.510481954375042,67.48106103625776
127,33.08456110505474,56.12064156309677,2.7735553203744745,2.1070496386720317,8.818012431747022,86.84035252230527
128,34.70776216374105,72.49805287965202,3.991742134632442,9.574480190380962,7.108048398427749,100.0
129,2.2641809601852465,78.00869318956885,3.534925673765047,0.088632851134689,4.84194710916109,62.933619056029464
130,21.408397497947497,55.47326112599214,3.038048595577527,9.978208556819782,8.026944840278132,95.05582230291326
131,17.861618119653603,48.36136444436945,2.2656340519665292,6.768212988573956,7.722842710311824,73.61298102912036
132,10.44009679788775,90.09581420795794,3.0597395907290963,8.28469299449117,8.453519123194523,91.1498578827967
133,6.554883958679946,99.06413084221313,2.817603659779129,2.9461939634619316,5.019286036304412,83.40110094595876
134,14.829376513337863,71.54141093816115,2.5652084597259286,0.14315277667059978,5.1698511994017355,57.110515346825466
135,37.83056874867573,50.30075715089821,1.8267759418504987,7.3786951856153005,9.34245710331597,100.0
136,14.2817114167887,56.338439591162135,3.7165105381011667,8.341445970006758,8.499866790712424,92.80144739407498
137,21.71404362624791,41.103440592848,2.6244616220533064,7.404761319535192,9.449370932201937,78.5488763213064
138,28.71472043801676,94.85792839362995,1.9865562795519127,1.428502873008386,8.552291926983525,89.43547378003592
139,15.81792489041317,47.06506497340847,2.419398377193224,7.53427922256969,7.582931835941811,84.78747520434526
140,38.92771914339651,74.59098853085521,2.535324381322318,7.689227821076409,7.924796422167242,100.0
141,38.57299720780023,56.44331324123236,3.5688447389171856,6.585405156700549,9.334767543640059,100.0
142,11.567727241363837,73.2506801509476,3.3340359514035054,7.661159327955862,7.472840527071643,94.06053230590675
143,20.895443223910647,79.08522330111185,3.4232622341033494,8.459214396777321,7.794347945970324,100.0
144,13.433375773037247,89.7845082224321,1.527578161071618,6.136041142374584,4.938860296021604,71.32926361461638
145,12.823938786343769,52.3852763056362,2.5403849954494038,0.8860471396967906,6.843527320696616,64.15403002900939
146,3.401703999472246,40.65974971950883,2.703360379088309,4.876278096672109,8.298382671748595,52.40860198382755
147,25.16344469123608,48.213137804128436,1.5479806920576418,0.7764933467160506,5.6256561898981925,72.1934533305285
148,21.101802882696738,94.0011185108863,2.1495330218625854,4.075430310324308,5.21352508314721,93.82838758166017
149,3.9561925474995956,92.43340465375091,3.4007245578053373,4.071064891256277,5.882960849346493,81.28789398994056
150,12.588565640991234,75.8447861302185,1.8427742643224976,0.6600984414024158,5.4490037679570005,65.21612105342791
151,36.514103666732844,76.0310116260192,2.8382753286314792,3.488205339694793,5.289475822218375,100.0
152,11.103351845344951,79.90220047277532,2.0380046800430938,1.1099809879131484,6.549105057208521,66.50342412692406
153,7.5060051394664775,50.522276717406974,1.5303019366097332,8.082352100092221,9.447031083301205,56.838760607668014
154,20.599204890547394,94.8647167554976,2.1030036439988535,9.476880259644707,7.042357880432309,100.0
155,39.45471725620283,65.12623149352439,3.9396843872751344,0.7231647525793861,5.127522284891938,100.0
156,11.198100317437016,62.98831169496985,3.503842779707474,9.551152072917015,4.461830016285244,81.40021638165548
157,27.541150801423385,71.13506231697025,3.8989416108025834,5.225765993367451,8.176936870827552,100.0
158,30.941545382491267,42.817958006503304,2.719635109815906,2.9956567795387388,6.296792586618327,88.37456391633435
159,11.030226671711187,49.97700212536476,1.7743404966937588,0.7686207527616351,8.930985679512155,54.96199719333123
160,29.672221247250665,84.28201698558223,2.8698987224342325,5.006242680704178,7.957064611844621,100.0
161,15.975759043331623,44.967920075507585,2.6359433363999023,7.945155444907487,8.777448703248211,85.12547415273399
162,26.02762156255602,76.1891265679833,3.61089270684904,7.070864772666981,5.6316762365106925,100.0
163,26.074129008914,54.72094658087926,1.7452064519606114,0.5022601146397376,8.154153534766348,74.49900463843052
164,22.35943799484082,63.35773684251859,2.7206028425544453,0.7290183536790351,5.584371908162312,73.9494839556916
165,5.431011262067516,57.32162420624199,1.8751216617349606,4.028732826326371,9.63441087670175,50.69620236256454
166,33.74149483239104,61.34036298789695,2.31168981722515,2.9529049404794327,7.818245689200246,95.24981421029607
167,14.189642468925962,83.14275431105473,3.3433926934694993,2.3238432305604784,5.947070801052052,89.60104111860804
168,9.08770339519446,57.8273029373905,2.6900453234219164,2.810044989087136,5.617071173753636,66.49946912061833
169,3.549455379081029,73.98427841781384,2.4397207128644234,8.034827432968846,5.145559510429861,69.9731436946162
170,24.45393184115319,68.56302413194598,2.4861906964250884,9.29228053631854,8.167845753362368,95.60520545963112
171,27.747445750006733,79.8202699217589,2.6486169210149666,4.051026945275664,5.312293677987563,90.35936784934546
172,2.630337499258534,96.20978435948548,3.462541359592642,9.061110021324971,7.571819595564934,93.55982338748542
173,21.459536215372676,83.95432583261501,3.730211722350586,3.21495701247882,5.587810161552144,100.0
174,10.606839457521643,52.896422715445404,3.8883367162598206,4.764369863437916,7.971813668763211,72.31466651026179
175,26.516566035559094,41.87098810367708,3.4672584656382375,2.260289978159997,8.889638371243235,95.96481342259322
176,8.625924302189674,55.73584265798951,2.288517239370032,6.404760421758439,8.668151458867918,71.51131180418552
177,28.255634047893707,75.70467584201529,3.2203367652163553,9.78981115174809,8.56510798558469,100.0
178,16.695943159420423,43.08554880905502,2.59400781013848,6.034930960433787,5.126334434153512,65.93007823774425
179,37.595739571995914,69.78197483207418,2.1366765551151277,3.5781408411354887,4.530309681907112,91.38914084678272
180,7.2257958775477436,75.81057093501335,3.6021789485648066,6.478174459905284,8.193692970924314,84.11336709593772
181,14.960521339909823,60.05463344901765,1.5960658724058125,1.2292067846538757,6.210083282766108,62.85387653183981
182,6.311993807142384,86.25473222474932,3.754404980338559,8.886590802653986,6.594077358420083,100.0
183,37.138357494585385,46.39589518802631,2.653693661561835,5.030839507798364,4.186894556760347,99.7150992167843
184,35.33889542847728,44.50826690414853,3.093003692020701,4.49349742039642,5.557458695650295,96.15170111153934
185,11.801781853175914,83.6913253722162,3.148384805514457,5.858647884535192,4.202058423246784,79.41094568571565
186,27.079393749298802,69.72947897237191,3.737794351766341,6.2478386278940246,9.275114635607487,100.0
187,33.054443607646206,81.30414378566417,3.0916742054180184,0.7177580622651303,5.460380099311183,95.78379287291479
188,23.09763084077957,66.08964031622477,3.0348339619001545,6.826172212234024,7.344023017438048,100.0
189,22.126721977528245,54.78412199434641,1.6666301014017249,2.419316803155296,4.2338759239667825,66.63620026218689
190,11.190387054217164,89.14613906045199,2.79602005486301,7.139526325065898,8.001084347833949,96.4008172638128
191,5.53790517662417,87.96495273813875,1.875422502042604,8.225347943841967,5.938164074524563,76.91894135394372
192,36.094198802226416,81.6817882512656,3.343584421803714,8.039585075525203,9.387515121745995,100.0
193,36.21588617220656,56.32870823379776,2.780554802031686,5.525009674078891,9.328709133604214,100.0
194,26.057855376384182,75.41384001214523,3.2005694480208833,5.201698923107512,5.951743710170486,97.88419877810591
195,14.883132059850626,61.65843381640161,1.6041822515059607,1.4287596133941172,9.405765374142806,66.25429904807612
196,15.269963835281114,45.49492439959805,1.711980040114508,7.753461504031356,9.976946040992672,72.1202751084084
197,29.586315797069098,95.03881452773456,3.2908084701567057,2.7140938044671437,8.952493984743688,100.0
198,36.09018987819793,48.209117855137684,1.6802108399966835,4.966954228179466,9.069228086531375,90.73787708012061
199,35.70928412207446,97.01424122924814,1.6781418194131466,2.842740929275167,5.494052416654539,100.0
200,31.635270742589707,66.76034637747735,1.5302711880872186,1.3382836299969314,7.460214393146538,72.81518423771837
201,26.397202553862936,51.10797573031718,3.8912534957487,6.2955769689173655,4.403535483804207,100.0
202,5.197318669811856,72.51405684270148,3.3437708986475174,0.5433203482290383,4.569507620930018,60.2306822992889
203,8.141891135595323,92.37675015258449,2.3831285212551605,7.486452341262,9.993355672199744,79.06169665001048
204,36.145059164029014,83.93349318457368,2.241338953219138,3.1758679526111666,5.959835496555465,94.44586723984474
205,25.04430426706442,88.39366887168698,2.374258074364624,0.0013469300448532007,8.489103472293078,79.84529796747212
206,2.349487961431927,79.52700200264304,3.4366338279529547,5.111291392372298,8.839990318160899,70.24430206929699
207,5.85591862890922,81.53659387107115,3.153426527676036,0.46851908527603126,9.148139626043374,67.9005909235957
208,27.21306722610612,90.95173909391916,1.9629889196686698,2.761695578208995,9.98576978441294,100.0
209,2.19234018615631,54.98008053155115,1.935273338335211,7.069764874557162,5.448978911541207,53.323919200393725
210,8.110705953864949,69.36549781858844,1.7459891242834933,0.6268962162186587,4.242104961158198,54.68673712312971
211,22.851883995930272,53.27256650917613,3.1507567992533456,8.393384923560024,6.467149107967516,95.78002585909186
212,28.292017512322342,99.26008047979883,3.41093165555434,0.03819922658583108,4.780484018973682,100.0
213,26.77452786109882,96.64356038119679,2.16261607081251,2.4682386920190225,4.1345553349723305,92.11362831212317
214,10.522233759501272,42.365608682110356,1.552362402577282,7.409040561520714,6.162560962848916,53.55583303135214
215,29.062810411206364,82.33451035094131,1.7054291686910683,3.162701497293068,8.702429506451418,98.96828604248103
216,11.015465324878402,95.51489904493995,3.919650087112576,1.0189238806601353,7.397084147350425,97.49322073203301
217,14.365188530052173,50.83452070764001,2.2386119436935505,3.6023391880042785,5.876667935262124,57.41842821466197
218,30.366673394484916,74.07671383315777,3.423057869595334,2.7039328638452553,7.926052032956318,98.3432328366977
219,26.686050163794157,94.92929785528251,3.0616589221356594,8.427119021605549,5.3921090818528645,100.0
220,34.27048959877876,42.03675871514793,2.4548490991322396,3.1334791758514315,4.08628867643251,81.1989037622312
221,26.98928990741305,81.84521603481039,2.014218155488888,7.889324717760072,8.586120318618564,100.0
222,23.595726926747922,57.840940442353045,1.803466045398516,8.918721448107348,7.742458509184054,83.26921310563426
223,5.559641177467514,95.46377172259182,3.0375324200971665,4.338174195765295,8.57381574700576,92.25334315040979
224,15.973200516258474,98.26349470992207,3.43658445159447,9.09943143854392,4.233628100125994,100.0
225,12.077689971905567,96.65598934680604,3.1097606338528268,3.7731805396319285,9.022717766983913,90.73083074020188
226,11.271606448405176,68.45285299944783,2.8257553331228955,9.640784164901081,7.7171572002178195,90.93713091305422
227,38.97440108059293,91.72255905935882,1.6048780585790907,0.8928952452557293,7.380372104275841,100.0
228,16.937713537336897,90.67296391210422,3.9212219439859597,6.870192665032428,7.747684288687189,100.0
229,35.89776909673031,59.146028394595334,3.4967854791364363,4.938140404569287,9.186599481210184,100.0
230,25.98326778789599,89.73492844904064,2.232055091752412,3.8764880545564706,7.521619039353443,95.69746553100289
231,32.20282953458264,42.220458082929554,3.949925823397127,6.327118787486009,7.485702279329076,100.0
232,21.1002095379973,75.77619270892319,3.0047039740908055,7.038570916343312,9.944074942394595,99.69629976433191
233,23.922347615801645,53.80053023726218,2.956056645518116,0.04363269650309087,8.540381002411408,72.54338355382856
234,20.715672365116827,47.23401314663673,3.3701829485738304,1.6695308874719872,6.6537628327068115,75.01668642947209
235,9.419233536325692,44.61719209775255,3.5294244702253437,7.130460506343187,8.244382000197566,76.80411386834331
236,29.4531803799372,81.77732655268838,3.1411965183287567,6.663854135782064,6.335382830150731,100.0
237,12.66934977275252,60.39249782608397,1.8202393659155,9.660475051286772,5.373252774900994,83.90012205039028
238,2.924006724395246,83.48600629172569,2.3456687649862458,7.61037790250783,7.581111261326557,66.25883542147437
239,26.527947244472376,43.92138044793654,3.8202091008151244,9.50772707731338,9.56909258868371,100.0
240,8.73020581746786,58.91742026983662,2.06153902960963,7.02540501534807,9.574837120092777,77.32907380443758
241,37.73742620541074,72.36947754252023,2.430417559593783,2.9805220863944317,6.051431668632942,100.0
242,38.249285926098324,87.44338989033781,2.58019220736049,1.0536492225085647,7.16606479733017,100.0
243,36.764846828377046,59.12515017592419,2.5985124742361307,7.818238633449356,5.269815391419167,100.0
244,16.066030609706885,77.55348258622055,3.032348956236314,6.441492214759159,9.973786656993301,95.61781752868781
245,2.5873514280969623,93.15866489417124,3.857689594361769,0.4818601239329623,9.886707447207614,79.24350956208396
246,37.27610537833356,76.95179129093827,2.1017317795812627,3.6005046590097836,7.897053578244684,100.0
247,18.270997636057945,53.97756848521803,1.803753440752295,9.567998154842861,8.82648435806484,83.49535992796609
248,38.73288312365944,41.46404689339228,1.9936762246498434,5.0040114571020125,8.2906009677022,81.74565513821948
249,38.61755912939161,92.2059324340558,3.717312250523174,4.327291360197046,7.558949314236809,100.0
250,34.41435930775968,41.27616465102323,3.114527031638015,4.57699605159294,4.320087981933386,94.97493016101005
251,13.189057898644256,92.48210036105196,2.2147669730979,2.0888272400516374,6.728586055315967,75.72436587405943
252,16.633713686873158,71.73622804163273,3.539867347421543,3.6870717086479523,8.048717813004464,99.27189477777048
253,34.343193517640564,96.34406191077377,3.65342499090859,3.698132559871766,8.065189683302108,100.0
254,14.043036195938551,87.92699414641993,3.6162858467256953,0.523550201874724,6.238735710534302,82.90639364107187
255,8.440724374071515,99.87604663200025,3.7973163340988862,7.675676285179183,9.650151919948183,100.0
256,23.158447973417307,61.04270892710261,2.130602550433404,4.16504431903879,5.004142193420686,75.10570859536976
257,37.57388141810968,86.0312973358676,3.387604821865696,8.221798868164234,7.002156677293364,100.0
258,28.449132273648974,64.11585481655453,2.65134874318535,8.503480011198954,8.145303859304937,100.0
259,23.66232446339587,68.79253721823453,3.6049963822251536,2.1199405469865806,8.182814835350856,98.49874537841028
260,5.6927067632892046,77.6503277931022,3.321226692904033,6.573534821701285,7.891833740612894,82.21331531559757
261,25.37027461456845,92.42062685118032,3.4411186162493115,4.722818041629817,5.6517292807111605,99.16555926532679
262,39.622046303962,99.04500815195772,3.140404594202679,8.80156737921485,4.937239412119732,100.0
263,7.323192578987913,86.0964048318711,1.9435719236742672,2.157406791764541,7.815641960960265,63.32257196115101
264,21.696526789821995,65.06600693004003,2.8625672972423457,6.778132003100442,7.595812696836626,91.79152040647887
265,35.340176733262304,65.2814201366242,3.9616743488112705,6.077521222527226,5.076136061735446,100.0
266,30.149207474659768,84.25493809533349,3.8434701662427972,2.953014775718328,8.23083487342338,100.0
267,28.486598157820183,54.32662874609814,1.6079343394925292,1.3660090365117261,6.731031950401938,66.5023659870459
268,28.694395191510154,46.62844678788368,1.9120370393235928,6.516397604772766,8.006563549618917,91.2606732608743
269,15.660663746350696,61.27732945844659,1.8293219336364048,7.385974581323307,9.024202478620904,78.46847894911046
270,13.156490082050748,57.2343394992449,3.314949774963239,3.1562734376334998,5.0183705714615385,81.11736595040935
271,32.75572390818352,57.778487227359406,3.5444633246423627,6.448326040223138,4.11486920798102,100.0
272,32.784308997808864,54.0164650629946,2.0337784157766796,3.9513090761150327,8.67461551837472,95.96017519574363
273,34.94874810604394,42.525591378181716,2.7646317323795726,7.132068832826177,7.658184550915696,100.0
274,36.70314099714591,41.07243608400483,3.601757570028,1.992152748940531,8.19783741773273,100.0
275,21.431011156715638,99.26334338416189,3.3320038619156263,8.902150026361744,9.028929849931856,100.0
276,21.057619198113585,65.66638802415174,2.855593013729621,2.8740959646557975,8.816865608947003,85.14389501510941
277,32.335216800737456,63.0595988295809,2.975869226146932,3.677859877561529,9.765520881572948,100.0
278,26.698629369555075,80.77883696158419,2.7709013672907,0.5809195208034978,7.21561047311271,95.84849997663868
279,28.674741335792728,53.09523327190385,2.2438711282970516,1.115122123212764,6.930973795959432,83.17974418181109
280,32.24012143857184,96.99767103701352,2.9125549821475403,5.158619027123281,6.41132319934438,100.0
281,35.82020298906752,87.18070086493313,3.2222132551252267,2.675926767279715,4.9221462570652275,100.0
282,14.843815960358361,45.36466013873557,3.6833072896520194,8.354802257421944,7.435643397292134,88.19262269466132
283,16.272152200317873,65.0548465470957,3.09072838494812,0.14693388654953843,5.662075145955873,74.65492481991464
284,5.571313713953022,92.74709845372988,3.402803842607895,3.7909404867193617,9.527845073277852,80.39903419471953
285,23.974645357854612,96.68392133748462,1.9001790873864324,3.3734554676909267,7.499144825662586,92.28683282333012
286,3.3658064042761993,68.04409067499219,2.6538936860494746,0.19327630917601035,7.557041083048661,65.50486472427784
287,19.692724689033486,76.80468335264246,1.5233290495677332,1.2436839900051022,6.12954796526206,74.6934424450873
288,22.62049611888791,50.02203676552451,2.1166971613040575,4.136426749186352,4.311936111866245,68.26550218213492
289,12.888567580874808,99.4701175682186,3.316154287782512,4.928645844474467,4.190462592237932,90.5535684094311
290,24.45166390162241,53.90030208300661,3.9795248783734087,4.042897472548691,6.540010864919185,91.17145670192527
291,3.1590094976838783,96.56390644810753,1.7479452489680398,5.309376784120938,4.507392268583427,64.12074494138658
292,3.419231172470148,78.97879893954212,2.503735789653221,5.951316749056815,7.641081733240835,68.5486766279271
293,33.258821305067016,76.46420769273155,3.5001774217478987,0.0992382112783563,9.285838033837944,100.0
294,15.68724437362799,70.76131066099052,2.010089086572247,4.640951594535039,9.297488899112333,71.12268523506157
295,6.828299480771622,53.84018870306552,2.8877123732557157,9.634992408875883,7.954272460793394,75.44713873877215
296,21.845243882082567,50.591681920330494,3.332678240074187,5.190322801295487,5.267390988837586,83.52934111929447
297,31.25975501774721,53.22917254421052,3.0399636256504476,6.775422674589532,9.177980988153232,87.79030748338688
298,10.20119904488004,51.18629572865527,1.9700618365385403,3.118638579168832,9.316560611879249,71.16548208516652
299,25.66983808112201,86.7750684140052,2.3884614217143483,7.739913781527625,5.179921509717753,100.0
300,5.243203669763184,61.0075155500038,3.459479461213493,7.729214818761151,8.424556514624063,76.66323417883858
301,3.9639054044070923,43.47056059380378,2.8855662853300417,5.212960476541389,5.7191172935627375,59.123325789109145
302,22.191475999589624,98.14615780844868,1.513074033857282,9.760138232792135,8.815841874117577,93.48629048939533
303,22.544134621184046,93.02715309780554,3.4024769000702344,1.2555021476265338,9.983427399421616,100.0
304,26.22233625693185,95.66513699171279,1.5882783873505977,0.16947664889580993,4.180156031976357,92.00360961855452
305,29.59147068146114,99.69446935878611,3.3643344568280806,7.701582117570959,9.38419519474559,100.0
306,39.082379019576315,50.433714953169236,2.0062014004130937,8.071555373648826,7.735783201591948,100.0
307,21.61941323544542,63.77452113415953,3.8951837002984506,1.2020722912057624,9.840295714988926,93.26986989435719
308,14.272345971767347,85.49430854224548,2.419851878255211,2.6558283295860607,6.790057105158565,71.82647931459401
309,32.217075401210735,81.76123708322754,2.317329040845198,0.1755236336662891,9.084327583428243,93.40694082863315
310,12.29162554795882,49.233754380391304,1.8722201258311117,2.933086107805647,4.374364411589664,57.77175855859264
311,18.680913986814172,88.94998749943707,2.264010538725537,7.731418739186715,6.011674300469775,89.8480039953887
312,4.981342491006107,53.46643431019964,3.6916269045705015,5.179605277125789,4.40209922650726,68.26160410213424
313,2.963328249787385,53.42905688935738,3.990835844068118,3.480955931682881,9.852058800874424,70.85384429586954
314,38.580639757761155,72.21846537360481,2.420773826267121,3.717392949063303,8.90184344363102,100.0
315,33.76724457946382,75.57639609050219,2.6215265773863563,0.013536257154681541,9.115284527475822,97.74482182491046
316,28.447019831560524,74.80517247026867,3.3051773455068427,2.9980052756523587,9.627791388603365,97.1706380132091
317,17.540211887742256,45.489210243865294,3.715489451162686,6.464587416379305,4.510620916718712,80.66187361441628
318,8.58518416269214,92.64765175782281,2.9826108354669603,9.741944438163571,6.31358555508,84.8758968717043
319,7.9446076215012695,55.93600255532236,2.4788142454445734,8.470608269838994,4.426209334264013,74.30081216142203
320,11.509230130254622,47.77089527696825,2.5315546021215596,0.23594964645529126,5.264758609300172,46.68386102406575
321,22.870613258832577,93.32488479213863,3.239045366242017,8.985606046748394,5.376194662226034,100.0
322,29.15464506260237,97.3390898937852,1.5080456590106968,7.83198413298626,6.814643266285472,100.0
323,27.08750031527379,91.72765703592704,3.048973343649602,7.803761235709804,5.611373004721855,100.0
324,12.637488083945827,88.57096448349269,2.3887325261033934,4.579957590035715,4.605868640906566,65.84256974157998
325,38.28488066520138,79.3145188383413,3.4854933281927107,3.980052929545028,5.004946534564646,100.0
326,30.040082834439204,73.05144223654835,1.7324765995578304,3.029157288331926,4.883653381312546,85.8690056360952
327,23.065453995433227,45.21920559468461,2.9705056673709764,0.6569485895436578,9.838460787473789,73.73869599557322
328,25.245388356905384,64.50719278424192,2.7024322247153094,2.282353634936991,8.555755041510842,85.07498152405638
329,17.944802372256017,62.36131102073884,3.1058138147630685,2.4660363497802464,9.806568791617373,90.67539246582874
330,11.413777601043984,55.585227025619574,1.662133986207421,4.840770697102016,6.638442919047451,65.29212315641774
331,15.52696178874794,83.40520682131509,2.949959468570328,7.4744440659669396,5.670210889975939,86.83320056463393
332,30.798152197646026,69.75254410472624,2.903711469898809,4.7380982839794665,8.78975918325512,94.50408489608478
333,2.546952567930723,44.862772954458876,2.9016502360404273,0.5784444944716061,5.957523508246881,48.190225281343324
334,6.410760339262817,53.21099211698868,3.008719166491137,9.57789800988204,5.79630024223209,73.28047530228045
335,3.7481003968266045,80.99552581957576,3.1911698430659055,9.427243190941123,5.395035953246987,84.27666421753652
336,3.5476944881208654,44.56785156941801,3.5124724992019245,7.851895431484084,4.778073869345413,65.46909237450164
337,34.50750219241827,91.07241484292612,2.1745518003205357,9.913279015642205,5.538778366100596,100.0
338,28.7389986564409,69.70879162083847,3.5626235254501553,5.444823328002629,6.131918490843326,100.0
339,20.01860550531836,68.83519463959888,2.745639205658634,9.627683502532062,8.043965248874382,100.0
340,5.717698104738056,75.54446707957106,1.692645697835828,0.7560504061675077,4.3753890533167095,52.74758797757276
341,20.68140325443963,89.48085795550895,1.6463773231099479,3.656807482613713,5.263041637992058,80.5334300238213
342,19.991927289661497,60.86855247413158,2.3355957967401517,2.253812680067658,8.854141841750058,75.38909519662862
343,8.581671056580577,80.68096915354381,3.4622424427786687,1.9583308413427003,4.881531541502625,81.78698369928564
344,18.486362671042976,73.94391783974746,3.269202336852289,1.4080294889267608,6.05587087913513,80.70039595394091
345,17.14317990710019,56.02169621016528,3.471537411681016,6.224136415659967,9.18795353114884,89.38619483258853
346,25.402303725984225,92.71779918130949,2.7931726411040234,7.813218557473051,4.929551866860656,100.0
347,26.133558732970464,87.8455612964157,2.6004974948887263,5.782983994203606,4.496421013709139,96.15767477771126
348,3.7215523713376917,79.50711007950554,1.8686313167657098,1.4696270958820967,6.907227970480065,50.17622377254003
349,16.235279355805908,91.03490374565452,2.3204818840232786,8.111237699334708,5.814517067671218,92.51681328993894
350,25.782676797140983,92.03765205758813,2.585048415434688,6.359547071637285,7.380450186903125,100.0
351,21.119177826043334,82.50177860290208,1.721501074199043,3.881657061269955,8.822829342900851,86.28012649903913
352,34.54661396515625,90.22079970182033,2.051529881778028,6.74130295536063,4.822890928916459,100.0
353,27.03035800151991,81.84828770015702,2.995563235159347,2.5990497924283282,7.48419450732571,100.0
354,8.191508229094328,80.80844630561802,3.3391577855979744,3.451922084942105,7.033052562339184,74.6549454124041
355,4.681612401216334,77.11668269291106,3.9958687784823743,9.174858431319903,4.864472716079197,96.02663048201521
356,26.411932571839994,85.16299837345846,3.8327833283588943,2.905045056714204,7.743990913173894,97.54051718276982
357,3.0074298005816287,49.51630631758442,3.1064129988379787,4.699882681579366,5.64184250716463,63.0554308680508
358,24.259472088391604,92.85224555193571,2.55312013323518,8.901411373960146,6.927005911264075,100.0
359,37.72874917414839,92.31061166471392,3.0904434117705817,7.077213502675274,4.4936339456623715,100.0
360,23.8680187592834,41.75483698207355,3.46412904520058,0.6220322616470275,6.757504343281738,82.02429400829402
361,16.750457195847833,89.54900503388576,1.7958404773084684,1.4730304427897034,5.838780808256922,81.0112953272529
362,26.44495230080942,47.73219204840671,2.5247622242407206,0.07841590771916818,8.934287267112126,66.99860186148487
363,19.413609838677633,60.10713125554851,3.599505714089043,6.309217902291634,4.34187236198421,92.70762770297681
364,22.733437994005527,84.61049537749646,2.45958237983261,4.4767342541041835,6.511643649509979,79.25249604380369
365,37.77566273350796,49.64559376289849,2.9296806780679665,1.3427485090227553,6.750588544788628,91.27319184973643
366,16.671900236429423,89.07802144714373,2.9694234021554955,9.579341210567705,8.350036457794712,100.0
367,38.52524142530874,89.92805067746451,1.9611906328340984,5.296597239456199,7.445725450541266,100.0
368,36.403324394330426,70.44806402565017,2.405588604130721,2.418932941128892,8.003274023165087,94.47594091012091
369,9.440063121993266,40.383152303010014,2.3362782218548306,5.006035711547075,8.662295713910536,61.1377857165923
370,4.635729433256287,57.22228799049476,1.565491771330162,6.796203327351078,9.173217841949132,69.72594991069101
371,5.829564052342213,77.01561510254453,1.560479409728388,0.7623921797356448,5.883252980334823,44.72383950118791
372,2.6924293747588894,98.87117068164541,3.579242609189434,2.74703815047892,7.2281362321834175,74.45282888802716
373,5.588832508725279,77.9088116210001,2.182677024932031,8.069654908839937,9.0406484706352,82.67655866512433
374,27.95425738982156,55.588214863849586,2.795196915597039,4.596648704026612,9.936706785790339,100.0
375,4.705168641488702,78.04034218597668,2.2468139339719326,5.465771420322949,9.337115866262579,69.78287728840591
376,14.121073951162929,72.39912278295134,3.8516981127883514,4.328160022094693,6.2288035757462605,82.22576341943834
377,34.105261816839274,86.79072370906862,2.1482418971644344,0.4389994264300512,5.170999103311902,100.0
378,2.8843335579613827,46.4188383296175,2.574142031847338,1.6574977982015593,6.936355224439533,58.786428653126535
379,32.949802338379556,85.66167415012168,3.6818256262115048,4.455416387418909,8.449848711016253,100.0
380,12.710481441389197,72.47599472056662,3.604833916979522,2.0918546540792784,6.955414424519786,77.22346379091469
381,6.490263449622938,97.77952023153968,1.9652535446156933,0.49979028659678737,6.899085179882011,65.57945582339765
382,28.476012283837726,60.51232996232116,3.506608274489276,8.436496640518238,9.029382526490803,100.0
383,25.89982817763559,77.9573135880369,2.6454672168447315,9.811925291641158,6.168422674403118,100.0
384,35.34393651402801,95.92168633060105,2.707422180213388,7.931428739967394,9.158768048869874,100.0
385,29.93269966454766,46.15058367944076,1.8336999310398594,8.53784921704667,6.440828805710341,93.2203530206106
386,32.53227535462425,96.23370923418707,1.7015037843928116,2.419771303170454,5.9693986340700365,91.52447755629953
387,12.717313757709647,81.27314333804881,3.3198482674344127,9.606269755131997,6.7239394671981945,100.0
388,8.742702663629467,44.07022354631032,2.7411528808882495,1.9692570445342839,8.57468175204921,62.043157882185874
389,30.523360562352618,58.057814016808976,2.592126756537949,9.514298103618323,4.7560121671839655,100.0
390,32.659720092156036,82.4903253187169,3.323770571630992,9.94819293965951,5.1785152952321045,100.0
391,39.639195396025585,44.041036088126305,3.4137822474777746,7.117228057460487,9.708668953978552,100.0
392,17.679471722634204,74.9302276105764,1.8972704191733838,9.81143731791822,5.052949764288144,85.59685836041636
393,16.13668726012576,60.752983417177404,3.025562873694103,5.695397795671036,7.406363907586328,80.60502412680238
394,31.50369250819588,77.25493106604863,1.8383852056942138,2.595417831760903,7.475886799971628,84.03068422166972
395,14.950534529614679,42.74452202875077,3.3784377150726144,4.369958856656209,6.937746772301469,77.4613926487947
396,37.36877837293546,92.29220836914257,3.142387890667849,5.93560935378786,7.8684714914609115,100.0
397,34.61968457003445,98.4093381506438,3.891536552708645,0.7308156202701499,5.37896035478571,100.0
398,18.301773040250698,98.13267131714149,1.672395040891053,6.223432646172461,7.3159736066604895,88.14907241073182
399,30.5331005760769,84.97910990457548,1.6426368028781357,9.811778367622946,6.233039531481383,100.0
400,30.672629215217928,47.80517440783792,2.2054676867330003,1.9010764978372763,7.970003557775135,83.49577334462091
401,5.918707015765439,85.49579175574135,2.154264209339765,7.925951162883833,4.847341260238897,73.40090027764322
402,36.29701045382353,41.47521498752809,2.1174469976799997,9.078987937796194,7.425264501036858,92.59987179224026
403,21.199590153018573,41.327413091739835,3.7656364513025915,9.437015928202207,5.111622132299942,94.663034906338
404,33.40538371209418,59.41661314897247,2.1238654996237654,9.601356044054473,5.671858378690218,97.53842533849499
405,14.161884839163246,69.31859142427994,2.1798743153215776,5.214596387214719,5.3122588019415,63.00239837956836
406,36.029882682855614,86.22444506846759,3.3984956560449096,9.773079079915037,5.097026679212902,100.0
407,16.7896637918982,80.9977225963903,2.62434960612635,7.573102071344389,8.954265709364002,97.28612307714613
408,2.4118307562513377,66.7541623826049,3.441776392387953,1.616714362369619,5.714245405965342,63.82446467860044
409,36.40451510393202,56.41759997689995,1.663415393910963,4.7690010646797,9.562742691186696,95.90665274439658
410,5.468893717873075,99.82747000946267,2.718927984183461,7.18331175372004,9.819559152071145,91.75232928745694
411,14.133918228435764,65.57087813415838,1.5840340004582065,2.473403158190833,7.427562819622584,65.63342873126733
412,38.10235474793059,67.08322145978053,1.6566330086383863,6.406151835488874,4.858006735994358,100.0
413,38.12307158362713,49.81742927150015,3.7660936333610273,6.666004790466192,6.2472894602774875,100.0
414,23.79063974868487,87.68857292499575,1.848113427793988,1.6269974380856589,8.786393580089284,92.34500066192352
415,26.00981406245237,81.62093354688932,2.8310517056880427,5.650853124527563,6.2043443721824225,100.0
416,19.04092983517615,53.24617676732562,2.5277390065017666,7.716269109786077,4.522103309816733,81.90049632051974
417,13.142009324526452,44.94286273695056,2.3683583156471064,4.988956645359419,7.340709465569128,60.86791386746384
418,14.489252724056806,80.82995812448279,3.7495833642181813,0.12103116776107425,9.070725108976209,87.36533517984874
419,27.55570133092746,79.27067285686812,1.5545584919387236,0.09038469079292177,8.775558322861015,77.92624462502586
420,30.59023211863184,56.395571619892564,3.1594742154389728,3.570293439700122,5.050738840782119,91.08303895607352
421,32.08000366158224,97.05181373502462,3.908486085533876,9.26194068431782,8.0365876864748,100.0
422,32.00548942619305,49.06347350685401,2.900420458654605,2.286767796036088,5.323025580613883,83.80810733331603
423,5.465831915850234,65.94008806255611,3.8420561550827297,6.343636888716872,5.309245207313033,89.11623054047503
424,20.787971578698095,96.61695521005593,1.6306446982150593,2.2207587069332058,9.244430639831112,91.59602871105508
425,4.187232880632482,65.18363901556734,2.5469832976854034,3.216699896595486,5.498013716441381,69.8284208119239
426,22.88209752830195,78.31155685984513,2.150394477405128,8.48042089601484,5.579484079108067,87.31773317909789
427,18.778159052188325,63.855663877767654,3.3270524124518244,7.288614422699469,4.003920344567797,90.24252174620969
428,35.732758944815394,56.452912140920205,3.9532427262431167,0.9539927731321063,9.224014204753106,99.79165480606216
429,15.33477047697899,99.0386588775897,2.1413251561106197,4.287020209864336,8.755568879254808,83.38469298957125
430,6.448546624249023,64.56004037890258,3.1354365036851863,0.2916976364526447,7.763973610544068,59.90747744106036
431,7.4336839180077625,93.64595222074806,1.9952440818993504,4.80890146603009,8.501594583633054,81.16145647134732
432,30.937404005263947,53.79727635346517,2.9133256364290245,6.62434011701068,4.91229140454695,95.08092552387893
433,25.49228640601792,52.786282241505,2.6598312167208404,1.1850262359815156,6.749941567525452,85.22439911788513
434,5.842661692666029,41.86804497307068,3.9300133240788426,2.8888493890916567,6.107316324092685,68.78724106643512
435,5.196058632369903,79.10000952255311,3.0213181817411665,3.9783662550215695,4.5626591575420985,82.38712449788804
436,28.636826995446558,62.11158062342567,2.373765930217047,9.195310246560497,6.916782911289545,91.65969796785063
437,4.764994241839354,91.86149499037822,1.7852394622198333,9.93255015422964,9.524437902055812,85.79080235410575
438,33.230682253033535,68.39259440149343,1.8781170718373363,0.44911298995615856,4.240354714304167,90.13514883157876
439,28.837204631946857,98.09160567488331,2.0632923248780877,7.61007923495392,5.7487654809627635,100.0
440,5.091253664392191,51.13153094218727,2.1274166533507453,3.717240664023432,5.245245617234221,58.53600271363628
441,5.223833135237292,92.11739007733664,3.6265401446028447,3.9245818622948003,5.428879921994178,82.96624161553328
442,39.492303983044664,86.59581116750451,2.903056970706312,7.542649733470227,9.45060731127625,100.0
443,16.222290238732572,86.25531067864313,2.808477278435916,9.184264321454087,6.8084143254057405,92.06773512733199
444,16.084401588541855,90.68699368701326,1.7869221796730437,9.509285945025484,6.797796477638913,85.8697524976007
445,32.8863835557851,85.66143945657993,3.6503492333735874,5.771225860383208,8.563453854731694,100.0
446,37.99544594058663,77.57321929788492,3.3070357580212093,3.571211593005028,4.926953224029555,100.0
447,39.468040425269095,47.87469266094325,1.669170904750004,7.875490858587792,6.9235921246003045,100.0
448,30.62837103983978,41.95157076947511,3.2695877430744216,2.5100138326230024,6.579911284726358,85.71403897989397
449,16.297864250174797,95.2508708689412,2.8588455433566153,5.640740288335177,7.581464143279937,90.27281453971747
450,5.173027234549413,76.99901887124429,1.7043133643669457,3.5857846152487314,9.997346219502631,68.50590083476364
451,31.531582805242596,87.79223745857058,2.6457516038216413,6.566310737078761,8.616693364492281,100.0
452,23.21936148996059,68.891341090753,2.7117407178251174,2.403989128935069,6.387194218104563,83.02458566008063
453,18.1204363513851,47.038491337743665,1.9144363504081894,1.9159294573482577,8.965318313644282,66.1683011292099
454,36.441466633599966,47.511147532153025,3.864245367500706,9.182390866754371,5.0242501798748815,100.0
455,6.225504327633751,81.13391723373829,3.624938428701655,1.018036829495369,4.182782117853761,71.38095664301224
456,20.719753963052646,65.81835369396777,3.1725558433227707,5.059579077349317,5.2266902347856385,90.65721567281092
457,2.4314385011619244,52.0314836020202,2.655738902501518,2.208527829630089,6.042469336685558,56.5803774088045
458,19.8091043957768,69.49567280448622,2.5294138539612714,0.3892996332566745,7.063484544757359,80.32549167261342
459,4.13952447590982,43.85253622450804,3.1274336678773853,0.3601881829142639,7.690774843247199,49.54002027145639
460,6.515080818186733,74.91828411486392,2.863579673517264,1.7522177210582734,9.46363430328653,68.63041092814198
461,6.465997377529986,56.13960426610586,1.655682764704714,8.667703545060002,7.059124057302746,69.41025418822827
462,26.669991480410417,87.85354603823129,2.781256621925829,2.8247874397702666,7.007653867754376,100.0
463,30.349705412086085,58.621717535414426,3.5160090430820987,9.504591705752958,4.301458058937893,100.0
464,24.168013073692066,67.31320894490807,2.6480996939923953,5.816222929891936,4.209469315937342,91.08520937799376
465,38.56255684203259,40.697232394486036,1.629891443885671,4.366141897687661,7.306959771498232,78.91736978484957
466,16.245082021900757,44.34681326767353,3.4656954984600827,5.800888346694546,6.6290716794900675,81.11633285277044
467,12.857059278710707,63.549613384401084,2.003409455339936,5.166983852262677,9.035082369881792,81.620796340079
468,35.00676687119949,68.79633008302741,2.1465520872200967,7.587762537573251,4.964077508271071,97.7187072546007
469,10.4966418637392,76.00123288715822,1.9117658835807396,2.8249606597285224,4.149829972702298,60.094572692914205
470,38.60245649874323,57.499754722558194,2.3255376621787436,3.530503916003024,6.694232607580755,100.0
471,2.461870038213021,81.69891316759255,3.3918787642215875,8.940943025332507,5.424871340513545,73.64190722640897
472,38.85539541489028,91.60734383135227,2.7984646487598432,9.464565131504054,4.297686240033025,100.0
473,3.6400766541218923,86.791059333601,2.0122031853767814,8.925582274864745,8.347589721085773,78.40977435905175
474,35.863438320526704,42.37712952090143,3.6945751953801023,4.194479939573136,4.669557999743485,97.85324733023216
475,22.052642145279396,68.83041683546973,3.698954637378823,7.803655030068817,7.64991700004663,100.0
476,39.732662252533416,46.29581070509049,3.6764460626150175,4.763357333010988,5.686298501001335,100.0
477,4.804269459945157,54.522700951751645,2.096990528453848,4.975398521461022,5.040976302130132,58.27281460513475
478,23.04646280725019,99.19975559602878,2.62809836045247,2.0468010905728393,6.278509137515905,95.38349805942873
479,38.83349635352576,48.5497325740908,3.962474140352188,5.911303032585165,8.808674657337722,100.0
480,21.877718078465655,69.93328920708137,3.430031190774976,1.8613589775334793,6.352561461427436,90.80323508941429
481,25.917148249139977,77.08934405908715,1.5679185530638995,3.3156469906719375,8.504617895266335,84.41281330914202
482,28.43845018141545,82.14789823264624,1.6630114781512302,8.550302016199351,4.752917780794904,98.97069984491334
483,19.27256046117538,73.57892100921484,2.659828442030832,2.0707580921085524,8.636628517990474,80.50390677029465
484,25.84720704319441,40.58625084515102,3.7730505146539004,0.7115828517343281,5.421599949439892,82.5402098379143
485,24.20394385307781,59.58767849463951,2.8467544948817856,0.690075926128163,8.064358779333237,77.6481039089829
486,36.24400439865758,71.06269860308268,2.7445312700857256,9.407845205031078,7.394689329045978,100.0
487,3.726962452975399,45.27198994869,1.7636842498915763,5.069204379618347,9.574868303270124,48.99581258780228
488,12.676601204504752,61.037615872550845,3.1419502618107353,4.094120718170183,6.323935107851884,70.77239086515281
489,38.11563639490923,41.99218652748199,3.5552579015005636,8.108785810079183,4.396991133006643,100.0
490,35.83002378785482,44.71470982930124,2.451050018768906,8.35825927910516,4.114932913307517,99.29210734887127
491,19.31495660585709,63.815396572095764,3.4390296273133187,3.321910331156046,8.961151365836518,92.70393205950185
492,25.565038716458396,47.96294524258362,3.9111916347520292,6.936180574737953,7.148413825968593,97.47327582007114
493,12.540484953283041,74.05245089569348,2.0094161478192225,7.711228158518866,8.651464311009695,81.75376981332222
494,9.14860406950293,81.36789814823595,2.8083240779868532,6.546506868659545,5.406553600069088,82.73144236319203
495,19.620539387719322,88.03520194654497,2.2178448952114387,1.5159507480009937,6.070502473079403,83.62468216718239
496,15.427384664990008,52.009014654688606,3.482136047584598,8.75883083517057,4.180623233267914,81.71436113083554
497,24.17893225033314,50.04895493554419,2.9439834147028936,5.390945527360087,9.768953947444672,90.79828986611915
498,4.953916204669424,46.274070420064014,3.086456043875759,2.8247242637000367,8.00720744020488,62.48719231668743
499,39.02700269131433,78.1858149726182,3.4947853990397353,4.252281854376939,9.599230526555838,100.0
500,39.47600829022491,82.38854358921407,2.4899261816561373,0.3757109039890738,5.592978444574434,92.64914468401389
501,28.530145132750317,41.89516868953852,3.787725171017608,1.2786680122241756,7.668781667353965,91.10110119677802
502,22.371661921076576,96.17273477462139,2.83257216811535,7.655467505158608,8.070999809755827,100.0
503,13.762049418880455,43.118277019088346,1.89488705708837,0.00011634755366141114,5.905298201545531,51.22717770779126
504,32.92421074886405,72.47778011806423,3.239747795422006,4.165658284822921,9.08865541009378,100.0
505,28.019784557047412,82.54363116705498,3.483153376095636,5.225101810855884,9.682968777401488,100.0
506,8.179443695105869,92.25814742476513,2.2919041926688166,0.546344200009723,9.309130706176026,72.51039791838855
507,36.61523301076601,82.84521592794567,3.6429481424968824,9.730781629723328,8.434401855636235,100.0
508,33.256415231080425,88.10368498418751,3.765358136914416,2.261253312496719,5.664788078349725,100.0
509,38.092396705093115,60.367011552568364,2.1922612184445223,3.0419871963628085,5.689696252633791,99.72675528998755
510,29.57734131875768,88.88950682479074,3.958803681788055,3.0394251225502735,9.780161922676228,100.0
511,25.309777445560016,44.806890783080505,1.851778820121896,2.304166621173499,4.061706975614152,68.88656819124861
512,17.893235379043517,93.68899936363167,2.005039171006225,0.01473822086311416,8.296299839452868,80.49250042834585
513,37.4436823674525,72.85554256922418,1.9605620980950653,7.293447940879964,8.237476975331573,100.0
514,34.910427801015516,89.03786619774962,3.734974275019676,9.668454997992853,7.736137245698785,100.0
515,3.7183094640351975,67.139097071098,3.1357313808124045,2.242934832850451,9.940653076521194,61.88314597626323
516,3.001945030895576,78.6146617117915,1.8802607080556821,6.630471918034225,5.871276614582351,68.41947099403815
517,16.305607941365885,71.58415965616679,2.6008085459208727,7.418963269587151,6.039831182759489,85.19459697420267
518,32.80102656970965,83.89537130531991,3.038245062674505,8.484253790905248,4.473636417679334,100.0
519,39.51649291396789,44.897798921835374,1.7086602124734582,4.226291970136091,6.656788819262425,91.62205336401784
520,7.715841861934071,43.62112503943383,3.7060409210183467,3.0293090564042924,5.566291157409088,65.73895522598328
521,24.576967183381136,54.82619404060878,3.509008838603838,3.252951340230311,6.060320213065865,95.77624175211223
522,16.473852551978815,49.5726808067913,2.7630169339415955,7.126213330985128,9.007430741533767,81.11998714716263
523,38.85674711695492,92.3070139955321,3.917816538147926,8.16779466505636,9.612907081164973,100.0
524,34.00051907915693,53.15283924148266,2.544402448187749,1.8161396775660266,5.1143984320311136,86.93589816770131
525,33.85649077902324,98.55191534914788,3.9602757975912444,3.7094100815776523,6.2350535893207955,100.0
526,19.81034007220887,60.213747506266415,3.1697999970090676,9.0194019674915,9.571783372692364,100.0
527,17.763141088831276,50.927074941321955,3.0866781831348535,8.066935196947393,4.370850764135335,86.84673255967775
528,12.389468733366837,87.38191042854875,1.9148872382394626,9.848584027624758,4.554163168668271,79.30109436285849
529,4.14226887273523,79.52246653005257,3.70481939576161,7.542482596820808,4.976745935237377,94.7760403961599
530,34.85945029769202,69.89174298718834,2.568724219801538,3.9319520102792227,7.5712770047612485,100.0
531,32.89023834694295,73.32181305625787,1.9055835144561983,5.906378339946378,4.902833626035985,100.0
532,39.98927158487296,83.15210669633584,1.5315187999393975,6.610142542473203,9.8084582887044,100.0
533,39.8721998088084,53.70728447987793,2.8993892090959563,0.7845581631712395,6.680287163551122,100.0
534,23.106404812899843,99.78003496340452,2.818499055306691,5.444969591038651,7.0091077621009985,100.0
535,31.221521776859397,98.487589728807,3.2983840559228965,7.093208284726096,5.4799516948324385,100.0
536,37.90109773553227,79.01954118081622,3.7256451325445052,1.6732130400106038,6.825761514608401,100.0
537,34.28660084574164,51.972547055748706,1.6985164616075739,7.806317174255572,7.971481795822069,99.35839193833117
538,11.39922786624151,80.81369454587748,3.328741225850906,5.8377278051411166,8.507062821724256,86.84699988311493
539,19.120677141783553,44.33190453875055,1.9685298602439556,9.522217856975946,8.523208496259478,77.1456325501865
540,6.908057775756809,41.839150132348365,3.6454426328929097,0.42422298206891695,7.46734667616453,63.066885184712945
541,38.25393903583145,55.46097331067282,3.54765878465414,2.6532613755546697,9.426158649963144,100.0
542,25.03463610913344,67.75737740435898,2.851984387463861,6.015538792998241,8.904447083836656,95.72688141489536
543,10.688426609131584,92.09635032450282,3.275606996558279,2.9655991220593068,8.542288688191753,91.25449208293053
544,27.524626007422555,83.63014418597848,2.285875282959371,7.144241640712422,4.333633130082764,100.0
545,25.48887313740004,84.56239127199886,2.6779197473320364,7.59005282521931,4.041267773317896,95.66343404841571
546,15.610183285247938,65.52960006688451,3.554092244276179,1.0251596406647445,5.274683663172838,74.28526317312532
547,6.315188503585903,60.75609955281777,2.6481629929330346,5.138544642067677,7.981141563480714,67.08277895604787
548,27.519781432526386,62.262325779076164,2.3944956633136045,5.088905555910559,6.467184933295275,91.6873246614247
549,21.771692634344145,99.25897382416346,2.73553111812575,3.6928077021554104,6.41443755579587,93.91589909899983
550,31.348098885954293,42.406551484748945,3.570623131093046,9.32924862569672,9.307521329377682,100.0
551,21.76621304225575,92.02188976734692,2.338020118427182,8.275063198732212,9.373377088791033,100.0
552,34.38289701210452,74.7205245143436,1.9344039828393595,6.972093819096368,9.455051584321515,100.0
553,22.972459873430452,66.31692515137543,3.280035050826952,7.143266357349976,5.883268459090164,89.63144702019551
554,23.31564291834468,83.51545962490819,3.5649455317702046,4.617161438131191,8.14633487643557,96.57473228606884
555,35.312836901017114,69.20013648548218,1.7515936963088334,9.209945210965758,5.629799087646218,100.0
556,17.332348916071087,92.40539428489964,2.0996852818898617,6.945954272532854,5.143658998446699,77.457064253451
557,7.092578681124348,94.04211184067552,1.8549299744024847,7.289810616558165,5.107794744084215,79.97459977170762
558,3.093741699906881,65.30325561240733,2.3698535289554163,8.616909037873452,6.052645725181565,66.87943269932589
559,30.695215715597524,56.60966783410309,2.6258774472635316,2.74071589342191,6.5797457186789305,100.0
560,25.57176295143166,75.54101971560173,3.372065842408266,8.07070903866703,8.985695026330411,100.0
561,28.755031187770495,94.74180073700145,3.127868962204185,1.9524060295649204,4.719346560836272,100.0
562,10.092638137338607,52.63973134033999,3.052321418696078,3.453419522448878,8.409555084369366,69.73287349652581
563,7.1821160722972515,77.37799501380897,2.380937366524136,3.356104542698427,7.188729485135832,73.42755744053456
564,2.552697295379513,77.89361320555123,3.6036188827119,9.785254683891406,5.727672056055955,92.24098821049459
565,15.322327234650686,83.98678134491686,2.6782179184954114,8.565372237479268,6.956917507196947,84.03576895627258
566,24.416872100476056,47.894061107635586,3.9477623450378863,7.011698615902597,5.799652418662136,88.5280151997129
567,16.90527371378983,82.94949788092532,3.085355345739342,7.270567616153901,7.576491731429836,92.33986339324802
568,18.624047036901704,94.54195123993847,1.8156618539112568,5.6207279440257105,6.603063537131465,89.84542053504012
569,36.35803039076244,50.78098653221452,3.190443905188585,9.47090667108519,4.986433174473272,100.0
570,15.233707746885413,54.25259949543266,2.3127600385792473,4.962587528823615,4.6994984473341805,75.43838287699006
571,21.53160058807281,98.28370564249838,3.2158179917152436,3.8051770986989455,7.280174092432781,94.97465842916243
572,31.778814484163437,50.85861716256939,1.6741028704060144,1.63035336931591,9.414478199716621,69.99191491601573
573,17.068625728208268,91.26310560217475,1.9372035929398985,7.86205652261058,6.0637461193461135,92.7898125992215
574,25.639294608659192,69.53667138688209,3.6393431472644657,7.344439320755915,8.398000643335738,100.0
575,34.76982093237632,54.833864464190626,2.067948892558787,3.8435503852413486,7.951968129638602,82.47592595623397
576,38.0817836989904,92.24499407635068,3.59260281310735,0.2519341395922936,9.589329485856886,100.0
577,7.588792275303442,66.71831530015993,2.1981902211360262,8.389973277180108,8.925886103794845,78.24370579850927
578,37.21032975613679,70.8890412357814,3.1072047751467693,0.11417983454073632,7.399631553432778,100.0
579,20.70041913702245,61.55400216398594,3.2353764337745776,7.0369977962905095,7.942182989404644,91.41042220178059
580,11.813286755360418,75.57705108609565,2.7816368828626326,9.70257109726057,9.39031879950421,89.39092922479163
581,19.44715873705393,49.81143235510137,2.263276691741828,4.376613281482035,6.397112707521609,71.79083521998894
582,39.24123786084813,63.46489219910564,2.0316109409277403,2.349734049959528,5.960768235146665,89.42486784244883
583,20.719487571729044,98.16473934011725,1.5829733864060656,7.0487101004338175,4.064866501811178,85.44897228702622
584,14.492561190925311,55.48800596206765,2.2598660031018096,8.171281420155852,8.959306445148785,81.39881842418293
585,26.06923246403558,79.40419987247753,3.132906976328208,5.464303160778473,8.80588420242019,100.0
586,11.125533513571337,59.511403853481696,3.8457620461212065,9.670352752561461,4.6267271086009085,89.27959733921999
587,4.882806468129229,86.40838754119605,3.67801120565763,0.516687216579611,7.461144286796202,70.03472308795654
588,6.897429432604671,47.85241964310099,3.4151619413382566,5.047955983045282,6.783890189001324,68.3384448244905
589,6.865741880395353,98.18926270471269,3.4711183581332468,7.184539473225501,4.712254573054668,78.39751318259728
590,7.772302353467185,67.22737248301836,3.162462258689988,8.626404711491789,9.883409362364342,85.05225261832202
591,7.275432560677585,54.16302780078784,2.1507171439150072,1.7925561190779005,5.288175324780132,61.09892187207657
592,26.353240302522156,44.409804839800756,3.7679875767645745,8.000034817636815,4.403405080543367,90.18768104348051
593,8.911443207167503,50.18547430525244,3.176830779764585,5.527070757185452,7.5690842770114575,69.09297432909368
594,15.135356766306803,71.18643691336106,2.9011015774511,3.965536819899632,8.433200062798196,84.11042467346725
595,36.07795957642845,60.22019058587718,1.7774736730337026,1.3171502857909356,4.194660676283122,91.88942271277354
596,20.01054232998915,89.73300195295657,2.6176388595160636,8.652957589089125,7.952305832362133,98.16040761339391
597,27.367194063799033,65.85325141970836,2.6508956780048156,1.5727320817971535,7.193751255708727,84.26592636754094
598,8.548155105661934,54.92285635525779,3.6614090238066748,3.0978785920909924,4.61959005325029,60.49195935509992
599,9.30698271472949,77.0286991962418,2.866620550469471,2.9004553196243688,5.035143261678172,72.76433781272526
600,3.553007418126197,82.40663301312675,2.451001372426024,8.714140341908543,7.407845783896483,86.50233614362793
601,8.419532396742252,50.02251447405699,3.942000821276648,6.72702994208898,5.77814568107973,79.81410324141746
602,12.586432883214428,50.05715297729906,1.7768014833157892,7.966813971913723,9.629894371907897,70.62231079833944
603,8.726398402516379,42.20028561601258,2.5563710707798615,2.50467898792499,8.912441376904304,61.11096312156666
604,5.3706962827681135,84.18412090393844,1.6050616879285133,6.248740996069989,9.90140323908198,69.65583889144929
605,6.584163101822831,79.8282716573083,3.3497603019173257,5.717459831437487,5.558025033702484,75.54243173416162
606,19.50959318524358,68.47785254498883,3.7951913804978767,8.32830376788271,9.818341796787863,100.0
607,9.840681299420115,90.65022693815183,2.2000933238762235,9.060870604812605,6.587403218749348,85.60422784170105
608,15.842254719826867,88.34020917700319,3.645854191997802,0.12156771477386807,6.085112771882528,86.70302914868019
609,21.12985629248456,75.12126186380513,2.2305455761547446,6.740199190587926,4.3020971618161195,81.73532245293013
610,28.235003487915883,92.09627683079552,3.776925404109788,0.5183579911972902,4.316591547157616,100.0
611,3.4938613139617596,52.350472602206096,3.3849047589919596,5.488586650773559,8.152067535679928,71.8268199191278
612,32.37759515854362,46.71517716386367,3.5122669421035964,2.876327290436782,6.747573966604167,93.54329671137866
613,25.860214800654497,56.18497669101937,1.5450163890011361,3.067765995221412,5.3591297562166345,79.18395874955505
614,5.1068432140571325,43.42521136535889,3.907025892685065,3.5295850345235658,7.683821837951395,65.31759444693986
615,35.19598771605754,71.87017168006193,3.316677480175808,6.212924490496102,5.517148709500667,100.0
616,36.9931512202089,96.19634153769769,2.2618777384653335,3.340499656687692,7.465790526066535,100.0
617,4.320962474484823,42.36061244011058,3.5734866621471175,7.326990505902804,6.155252481896142,60.258973330562114
618,12.52135062959374,47.32659484060161,2.203802996037325,4.045273855738697,8.941313359670914,68.00864128216482
619,32.63564863213633,67.13194169700611,3.6818845989153197,0.6835320030995862,8.924176964600676,94.06136952532407
620,30.433868234579016,96.0325010516743,1.7814509760298425,7.837598424841072,6.864102388734408,99.4175007040806
621,9.011798735542339,58.96936629860503,3.2592149436519895,2.85758324592706,6.104914656010093,59.416896695889605
622,9.955274286794992,70.43408852130355,2.8517461916122757,4.3276687959926265,6.175358779354568,73.75538102556597
623,16.077939906072515,42.494371543023526,1.741336175488602,6.8544388322190155,8.834287154009306,68.50516145424162
624,20.411873437258812,48.90059205772533,2.1047345706470972,3.32456157148712,5.969076896785672,69.22259816526687
625,25.493681318151246,99.19780737753081,1.5310100906932869,0.5658565614671562,5.254356242241077,78.8598098901152
626,16.01871830365135,97.90712178616273,2.671919913661265,3.739210470128136,4.508130051251841,81.12800098083342
627,19.57631921305962,40.29639885606458,2.253163151900001,9.444485826943033,6.80015872530645,82.18927610545028
628,30.40389564908275,97.10870712539435,2.9958937107443973,6.417343972985582,6.892792593519051,100.0
629,3.39396170984272,78.34719626893002,2.2430945192715432,6.71479148667207,9.045452262417443,72.36989947961104
630,11.592603885072789,92.07509767120132,2.2497977787674617,6.322821536376399,5.327432178676384,77.01021426219638
631,29.107284263612993,67.28439133803155,3.3579829968290085,1.989921389594368,6.2859476420104,97.16565865062783
632,36.01785983211357,70.93576171475502,1.6203570899458837,4.183338641022801,8.850434433362146,100.0
633,21.443742800395313,69.3307948154152,3.757237487979968,7.509397983633183,8.94174166449384,100.0
634,22.220312440081994,80.01185545276627,3.6306596859779536,1.0137289755315915,6.307666455872609,90.96867454253899
635,6.07253643091149,48.379075285378775,3.1695117080660165,2.7785277608971226,6.754744139720085,63.527184132680034
636,19.001669939291276,41.798415392360674,2.983053925268461,2.763191084658536,5.819715345095697,71.79556956957812
637,22.23945612529088,58.47579649547146,3.7307562453491308,4.32018927594506,9.595329270515872,95.31684217287071
638,11.213879138119728,82.2808457641988,1.9633254488217862,9.803687409421851,4.711862594449482,79.20247570941979
639,12.231242776076476,52.1112071273769,1.6974229054770715,0.6750254668382194,9.60249653800882,56.38012521751857
640,16.33679819797566,80.40594599949503,2.0987754247738453,5.1870099438059505,8.103198711012059,83.27579355210418
641,2.762705515553602,98.19472276643623,3.4864456967504758,1.7936468201221045,7.189432916120387,72.05044841211443
642,14.239008292160776,45.6340429473651,1.5866756668162083,9.706765454097441,4.195954364706975,62.71461076077027
643,10.035024265868696,80.35612709350758,2.9570170877087243,1.133035047274642,6.8535771509320496,66.56628859907138
644,14.444899382760756,66.62501315827427,3.9885937904782747,4.036010023615912,6.446488630016393,79.62098337077907
645,6.550961009131546,92.08853526265032,3.6392402345938484,7.378849848346062,4.967312871850735,82.69178039751937
646,35.84003666811601,50.628987366843155,2.8036142226089735,7.045544280274453,7.938457621003941,100.0
647,24.55651323505385,81.55755713356987,1.6591022732166059,4.227286368939323,9.826905444209714,84.10472298757531
648,27.805888127490604,90.28691737888661,3.5784337859642745,3.4652416795271823,7.3731328663871505,100.0
649,31.988507067078856,96.6768531684414,2.9974462704430263,3.9761237855287055,8.288519658663674,100.0
650,20.940803559304175,80.99488169737876,1.7873324926489171,2.642762631586393,4.4107027153961,67.55358316628511
651,5.3029709473221,69.83048584050565,1.7346432120583906,2.053329387067998,6.506001974901968,58.37497507870243
652,22.410048589104814,77.07083441207283,3.774067048591481,4.8303969755889,4.698150910986975,100.0
653,24.299962484793408,92.1342990687231,3.173000657345196,2.685337560676073,7.676775013219062,95.15085699017915
654,30.32670001900454,74.23658479832977,3.5732169982918887,2.874616648972501,9.630892949284927,100.0
655,18.403062756727817,41.82322358181021,3.697447250705668,6.56756063474557,7.970666394829831,82.86282290354801
656,6.848051506231423,95.85692173041866,2.9294308801208055,9.685373316998922,4.460818289886529,88.6045072093887
657,12.78348442035153,81.37160506189366,2.793615879387603,6.036372005593751,6.127997229910497,77.62415313309262
658,15.797127263148134,80.59080314663478,2.5760685258024756,0.7697946706496628,7.30398027664511,68.05359667989808
659,26.544855170600847,52.94050914386303,2.2923664694777983,0.7558361385406698,6.4192465367995135,75.09186038006229
660,23.68957557741865,79.53312821395943,2.5864899021467793,9.51423220845566,9.001864062851034,100.0
661,15.531675584118158,63.63186433924951,3.434699139325391,2.9729079030733363,8.888026028259935,81.46616508683788
662,39.487579454133225,79.07397862248953,3.004808577537829,0.9206698608247543,7.670986120619329,100.0
663,25.019443135561712,46.39558181847944,3.7313082248871154,5.990445871503816,6.240747670796232,92.37788547245012
664,11.01461808596779,79.47071827618217,2.6084500359479694,6.236487782902661,5.532018242579465,80.75508659583282
665,5.867733959575342,99.96482354623998,3.017723946796885,6.485048201186881,4.635245909278776,83.29996547032253
666,7.808647289004617,42.892722331633365,3.078268882729972,2.674020278575413,6.129386100919325,61.79030421134119
667,11.346393678611308,98.63045105327905,2.9792429057658136,0.15110684214475034,6.479035103246317,76.21244288850171
668,8.105892183863116,64.41447764337224,3.2565844327137907,9.650153694544718,8.054937550624441,90.43141549320653
669,9.089546913949619,92.24520702023554,2.093583670937016,2.508930456911025,7.94895894578544,66.77801114765946
670,12.83361641036619,86.94312904349641,2.7809094438644766,6.760262880525475,4.4206488378475415,88.05302375495346
671,8.588196621200684,74.02097565920008,1.7605620070208692,7.0662986987870955,6.371555892586946,75.54114791178307
672,36.07708613580416,84.30695255507959,2.461278319112031,6.100074170794857,5.0906732033041715,100.0
673,5.0488823351424035,92.71093367808086,2.719167671553161,3.129073942136482,4.940876231900834,70.68691136693332
674,21.93143280366968,64.24841929906198,3.130560648863681,2.7109625376406576,8.963812898423475,85.720110577436
675,17.59507942560714,59.62198969379432,3.8763276314655086,5.976682827027031,4.251491300297545,94.69538608516113
676,39.33038744252704,80.05560313381508,3.0016276663708896,8.660956336116914,6.515097255412728,100.0
677,6.257478282385989,88.47075651647552,3.3589847904413994,9.467337289233956,5.009221934599109,83.72399499824361
678,17.11851276373818,85.73710808659695,2.765665148738007,1.0590580440375763,9.275981294070844,82.3252557275406
679,38.83987646446402,87.86881893151806,3.0852600784408284,1.5482861259771985,7.342243079650211,100.0
680,34.88927078397125,66.13499888877598,1.6773305403344336,9.447362587830796,5.388283818261089,100.0
681,33.04873869607263,89.0700529705013,2.1359789521046175,7.365352283347926,7.0145637229982585,100.0
682,11.800307427707713,47.212543322236506,2.4046327330128467,8.829938248297731,8.388918158218695,73.01651396904946
683,8.493728320822502,72.66934587765098,2.6812333875162837,2.026326341353432,9.748708053516602,67.7668377781729
684,27.40844235712838,40.34551962988729,1.6141218637559593,5.875858711094018,5.322676025472513,72.54910768266708
685,37.31628758684826,59.47514979401622,1.8500602438832943,7.011395944174737,9.317090632776072,100.0
686,23.15698993452933,61.98769209228387,2.1920357694782644,6.801118854469727,9.605824685004942,82.14492470253222
687,23.721282199856194,63.770361496555324,3.9288317272526267,4.081516908666981,9.498523267192397,100.0
688,12.639205559090799,81.72803240139173,2.328367517757627,0.15394891691308477,7.812486141171459,75.01247594075687
689,31.240731461293603,63.31348607622074,2.7051026452802063,5.829260568042631,7.778923926608246,100.0
690,9.107662445185888,66.92161735735183,1.9902442818459822,2.5310153917960876,6.419263799102937,59.28730496928636
691,14.29981098336126,54.252647852459646,3.0269501776894208,4.502542461428903,8.514387293822727,76.8950978383714
692,18.166584667423837,62.39510749776041,2.2017080387899357,9.575810150838173,7.187764110105592,78.89239445281939
693,21.289194390009293,53.63617763578909,2.017481446096067,3.990353176424347,8.064628427369767,73.28577699921651
694,11.21156983177305,44.39175542610662,2.7914315711149476,8.398016066644267,6.570747423092772,76.21654239070095
695,6.363799340089734,76.20691560288267,1.513764497901052,1.8854060574925113,8.388978784258835,64.600105019502
696,25.20356161278204,80.09276791330097,1.5191600816230633,6.724604980250288,8.946829105627295,85.81025447429263
697,12.96796102312972,77.16942076057687,2.0476720227546443,9.770069544389434,4.878617539616897,80.1254139680019
698,24.087052414059265,67.80964262803434,1.591803406252053,1.018931008729368,8.997578293445368,75.34356694847666
699,7.865783180419688,62.78714681075379,1.7700643853267284,0.08319942227192012,7.241779190741843,46.148402696339325
700,20.283323870483063,91.80001897430952,2.347151623346879,4.335827926326143,9.067995454541347,95.34321646930273
701,22.238398436960264,71.14490710817309,3.506464198949532,0.926254830513672,6.587810238046088,85.36807755373697
702,3.9692943992522225,68.75091265778386,2.930121608423252,7.483843496762313,6.27424291229821,71.87279154028009
703,14.790962571368983,41.53852394838614,2.781669314891041,9.14548663848559,9.490364395103335,78.67528468945946
704,7.107757723681021,60.474869657569386,2.2337220580203043,4.340209727087588,5.507015605290408,57.50415016665975
705,4.408248877965175,62.811737127151424,3.829384298582041,2.5871164215544096,9.065273951716858,72.60410437394889
706,39.61848883081792,63.92936685381403,2.492537603092979,4.344033190066098,6.904123435056425,100.0
707,14.249446109039473,74.81034215363994,1.7177319169894287,7.2344781785000105,7.084572655307558,75.42256307871497
708,32.775228942476126,72.0161528036127,3.042666290294503,0.09054161580370979,5.850809688936904,92.18498719982725
709,11.676344881023027,76.47430556760668,1.7845959836915035,5.894539894846972,7.438253203714094,74.84890971524976
710,27.897103444509312,85.8929956925277,2.36305785700423,6.132916848873791,5.951267177657268,100.0
711,30.888658675808088,88.7791443229656,2.768529846794522,6.376882468959355,4.235616485449913,100.0
712,24.634272143098084,83.08738457358967,3.6855563117129395,2.420220799808772,5.6319916320661365,100.0
713,19.919895164906016,97.33142175729608,2.7338664508502966,7.140527233781268,4.038274260439544,90.74402287460292
714,17.649954737596204,41.0939549605817,3.2556469150791605,0.9139148633177641,9.87012872234114,74.55279850003977
715,15.25699412863382,51.74667914101276,3.982042097497676,1.9927033646680081,9.794483258918484,77.18214787701902
716,37.32210748141738,40.45377249868853,1.828722799744954,8.77470046654482,6.3709317848338305,88.63316795854557
717,33.56353749593371,78.84848284927618,2.186828813798799,7.387231507265664,8.370225126037877,100.0
718,38.67102260532748,93.88183293699922,2.486440188994116,0.1374555401134525,6.074836590462549,100.0
719,6.7232944924507,54.608937794577955,2.5545704463470784,2.4837626036980023,8.026558942515855,65.33968529126219
720,29.77296405773848,95.6220726877784,2.5275526881638646,2.1440648299316454,8.832580258275875,100.0
721,37.65693735919944,43.61604341737365,3.7690275063913874,2.7080632803697258,9.680537468153444,98.41416865800083
722,8.886856514295086,96.06616160833086,3.285081611167141,2.475597702798864,6.4012736550980325,81.44639697267709
723,4.526858159937545,61.09736123437806,3.0197630352267595,0.6252629574284574,8.699787897736286,62.94807449922739
724,30.162584673022245,46.08524970695299,2.2734317946569553,4.589405165968204,5.5955707037927125,85.82373333969356
725,23.82997830083665,69.15230555117954,3.559475960553237,7.327334747861651,9.94199382276189,95.97285563785228
726,33.989493516814335,55.40659406323048,3.887651278712472,6.067317247174364,4.154617592586106,100.0
727,7.311350311799001,57.092374117715366,3.552995706375566,6.728716685980798,7.621172839006726,77.6067715886794
728,32.22015785067583,58.43739789557719,1.5039127629786821,0.8114917853623915,7.957035889907963,83.20400923173723
729,9.661838161814291,88.1815538699598,3.0910034254585175,9.514907101767871,8.128273342444773,82.19291845094321
730,8.218925828896772,72.34967660051527,1.6278384536052517,8.384918338430248,4.722325472734534,67.55405071773734
731,8.242100321377732,58.67846194936022,2.1440180508343047,8.050903184956628,9.631178700838783,72.52706591309256
732,32.953839368792515,76.6200269986551,1.648811750869429,8.229838050417674,5.087099674300497,100.0
733,27.277494386455604,82.96904045339161,3.0094886323734693,9.327105081327613,7.736520419439047,100.0
734,21.876486141226536,56.35744004401202,3.216474783731517,5.442539661136977,5.33605647473851,90.8288018579492
735,15.635558396693094,64.8129460915211,1.7862190951647627,2.002820178676259,5.843298502127626,61.49440595698703
736,35.33362055089812,47.313165600216855,2.4595972076124486,6.167836078525411,7.278751250368746,87.97949926692053
737,16.912914082060144,50.86896097208082,2.640591272388855,7.42881493667939,6.503160511387459,77.80410661497035
738,33.03077869991993,80.86707123789897,2.4226325544022913,7.379173933540254,4.9613536058590375,100.0
739,18.6871265256683,50.88630086173762,1.8025625012129827,5.214490241668801,5.0256184145250895,76.43295003841905
740,16.323888318146487,71.50980302002361,2.5473694754686886,0.6845871933357806,6.508868728976798,76.91272189584035
741,19.581831855445046,82.54277570334597,3.377945119521045,3.7111293843012785,8.543697869653005,97.6167683270727
742,13.4523592182374,46.41261538568463,1.6775191613331386,9.207666084633573,9.38778788108673,73.56716560545449
743,30.409156446697544,74.03873317773422,1.7004500352047587,5.84448909757426,4.504765973556297,88.65214566551491
744,21.10337482351421,55.393767022081825,2.3869282295899605,5.383319432557134,6.358623445356407,79.76319280911586
745,10.824082415579058,97.77561251425479,3.854314279047313,2.688535143821935,4.60147338233726,97.29807158270089
746,36.1838337844336,69.01273880319548,3.1714316168072854,3.684489199165789,4.099554883795587,100.0
747,16.587866412182034,88.35955298650948,3.196674891681412,8.953460891531693,7.97031209586374,100.0
748,22.655008722331566,73.0135925293757,2.4047999770946626,6.664630475268357,7.614696651799527,90.42098872702633
749,36.44594021665279,42.60475197128915,2.9841519780213464,7.873870267523328,4.978114682889317,100.0
750,25.7210438447317,77.98908253564134,1.5253279600693586,4.543454230676551,5.402876998558384,77.1334510281747
751,6.4421255469178345,97.08420053239942,3.0902401160238555,6.302472194561579,4.1422465218671105,85.97905465455847
752,37.71362069731205,76.09670920877987,3.783217368940592,2.483836087432075,9.009683234166422,100.0
753,25.852906016713877,89.15133156560742,3.031433670862048,7.054608302834863,9.848143576291308,100.0
754,14.726413356969273,93.05238780090447,3.684246483665863,4.276013337033373,4.812757220768145,94.67710258724564
755,7.292338761208716,53.68478631693595,3.3099326386652344,4.4254551481474556,5.388851282591789,73.5380535170104
756,32.17295719227125,52.7226903944936,1.8013960410092256,6.493223245768816,9.210457143681605,88.1248626961065
757,25.562764725283515,76.6588593310595,3.7561332682146045,9.362806214689266,9.558782787737108,100.0
758,22.271521495100217,64.66170818840229,1.6661096108894373,0.6400634660862092,6.517764296840862,70.07823363705846
759,35.96791815593639,90.39167817200322,2.8349186813694094,8.247432373470076,4.3037348336144445,100.0
760,31.966694026532167,94.00138740388067,1.8553428094836442,2.9238311041219314,4.236351002156916,98.848142330941
761,7.763645429844544,61.20528275816309,1.5292665268272603,4.439194545063778,7.443699196414062,63.17484127391214
762,13.845438576230833,54.21223353846892,2.5550856503190973,0.21913328775008956,6.357370653359074,63.1260336572643
763,11.442587312949698,86.83153091463171,2.2376017691353907,3.0104607783431305,4.1719145654659275,81.59282471721983
764,30.269959117761726,56.48836213288817,2.7150012344940073,5.026312426301304,7.499514353875341,96.0904871895306
765,3.2742325199596163,89.3568591108207,2.9429997168363773,0.5617607734743901,4.067815219534134,63.159547865648115
766,23.655808025110026,65.42429521892578,1.6093476807723683,4.910957293831651,8.724231748895637,73.5986231507101
767,30.973430058146242,80.05299395748823,1.807508237809364,9.271106288584273,5.838596936220229,100.0
768,35.31709419694648,45.73211883008009,2.896605991126063,1.0539321810780522,4.241548018055393,87.04044196657001
769,14.999106451204483,77.43155948059439,2.3579183829316457,7.644407280755043,7.53011332589892,90.48083889464787
770,33.20777757753649,67.10606072423374,3.32293371887362,4.096710533759927,6.386106486598328,100.0
771,6.204006004297875,75.19650779052844,3.130729121479849,6.55173714524338,9.842802480142897,75.12958594982472
772,34.16518708591169,50.0808524646918,3.614010907474767,2.6023659798522933,7.265191975022213,100.0
773,6.844569168615331,84.21242469665093,3.231232066673063,1.5949226254135829,5.651435086222049,76.46811237487682
774,17.096917041293956,91.7678246525937,2.5748276934753704,1.6046261427122643,8.25663318780385,92.48052819534591
775,32.297223899623035,53.00438800544654,3.182416555986081,0.7049194564314465,5.628952015256268,95.13117687971315
776,7.696862239253404,45.7428733312097,2.188452935638546,1.8564670490124302,9.425459748445391,59.47687803933574
777,10.711553018840377,41.41831516278018,2.265783746945532,6.642193849889683,6.248331823044259,64.48931332223562
778,29.44559759893652,78.51829002659596,3.4724628998019833,8.81690611843508,7.299211376657231,100.0
779,29.361388388750825,76.42564216532685,2.6160487910039554,8.141256855911617,4.303438622945373,100.0
780,26.3636100496413,72.8018447628442,3.4959508512958815,6.851343098744841,6.556727427713385,98.40214523786453
781,28.370040889749802,53.916825766958524,3.556055934170696,1.1043186341110267,8.99418123796597,91.47675354607058
782,22.623528847208654,63.45435975433088,3.6439058441532093,2.8918744629594983,8.833892832180052,89.62349404447643
783,11.568364238464206,75.66858011117039,3.7915880896030183,3.0980687532246898,5.345911353121157,84.87814845393643
784,15.13644775314894,69.80601153155015,2.5774630512832406,2.4995694639762123,5.356474426063376,79.97544017259699
785,8.900713238454175,99.26713121289325,2.297167045802847,5.150056597097231,8.90383187327942,79.24895082710297
786,36.52112133067788,48.18638515340399,2.9554968664852845,5.355538148796725,9.582390521015952,92.12490206503105
787,24.168888201112576,81.70867324285562,2.427931058594069,3.568859751711102,4.572165527638021,86.715908277216
788,17.232353837018316,64.25912608625752,3.002685417000582,3.53789158736436,6.700351836557352,85.65823494936156
789,19.556220538477042,65.69197689553688,3.2639646566095615,8.285555979060813,6.024725673785374,97.22775952425734
790,37.99676690524898,83.05586593949057,3.2210125462303423,7.892928483196856,9.224130732744637,100.0
791,7.827353318411047,81.54616907946217,2.436382217550303,3.0779583168074565,4.501149488080113,66.83462500923571
792,24.276733616638296,99.4753596221313,1.917150504246882,9.137884438732593,5.266755655348224,95.03735389224353
793,21.22376979760971,47.703657367247516,2.576323346155519,9.52815017002506,8.514810025518965,91.4540232151247
794,25.235260946516618,46.246578963049984,1.856485360204772,3.267425420300408,4.307763093887294,67.83568482549417
795,2.6881869851919395,83.46032902772447,3.725242587959521,3.5442494879305486,6.955212284285736,87.66132534062426
796,35.14070853987776,74.70321502038455,2.3646936518446435,5.056341534219588,6.65264220807832,100.0
797,37.42049473437727,56.44963999358835,1.8861493680583095,9.411208125336735,6.0064070739324915,100.0
798,23.47506097638994,44.765162139339196,1.5636193997643772,8.763194331423115,6.367433891913542,75.5761588807745
799,28.472731307321904,45.13949497578583,3.1145559657162107,1.025679625835898,7.179643521581397,84.28300798175904
800,37.05497648473724,93.6514524798471,3.092255793636858,3.927307432714162,4.9682041503302985,100.0
