user_id,avg_watch_time_hours,num_devices,subscription_pauses,action_genre_pct,comedy_genre_pct,drama_genre_pct,cluster,cluster_name
1,16.232524516199774,3,1,40.46,27.58,31.96,3,Multi-Device Power Users
2,38.127143643576815,4,5,85.3,3.01,11.69,5,At-Risk Cancelers
3,29.815769788833393,2,3,29.31,25.04,45.65,8,Weekend Binge-Watchers
4,24.74902239948739,4,4,48.81,29.15,22.04,5,At-Risk Cancelers
5,7.928708336812588,4,4,41.54,4.95,53.51,1,At-Risk Cancelers
6,7.9277917727757,3,1,52.67,26.42,20.91,3,Multi-Device Power Users
7,4.207177262391579,4,0,35.2,51.46,13.34,3,Multi-Device Power Users
8,34.91469353944753,3,3,38.66,32.27,29.07,4,Weekend Binge-Watchers
9,24.842370446241933,1,4,38.52,43.54,17.94,9,At-Risk Cancelers
10,28.906757956249727,1,1,39.1,49.27,11.62,6,Weekend Binge-Watchers
11,2.782210783240493,3,4,45.2,43.15,11.65,5,At-Risk Cancelers
12,38.856574382155785,1,3,5.29,19.76,74.96,2,Drama Loyalists
13,33.632820350416026,2,3,22.46,20.49,57.05,8,Weekend Binge-Watchers
14,10.068886205774493,4,2,55.28,10.37,34.36,3,Multi-Device Power Users
15,8.909348753869823,2,5,19.4,6.02,74.59,1,At-Risk Cancelers
16,8.969371374430485,4,5,41.47,9.2,49.33,1,At-Risk Cancelers
17,13.561205232462434,1,1,18.3,43.52,38.18,2,Drama Loyalists
18,21.94074440202504,2,3,27.51,37.73,34.76,9,At-Risk Cancelers
19,18.413910708400397,1,2,37.82,44.36,17.81,9,At-Risk Cancelers
20,13.066707327525593,4,2,34.1,45.57,20.34,3,Multi-Device Power Users
21,25.25040999945042,3,4,37.3,13.49,49.2,8,Weekend Binge-Watchers
22,7.3007667047775895,3,4,18.11,24.63,57.27,1,At-Risk Cancelers
23,13.10149664433829,2,2,3.24,30.22,66.54,2,Drama Loyalists
24,15.921750045160284,1,4,34.97,28.76,36.27,9,At-Risk Cancelers
25,19.330659400247367,1,3,50.19,39.57,10.24,9,At-Risk Cancelers
26,31.836686532934518,2,0,44.55,25.43,30.02,6,Weekend Binge-Watchers
27,9.58760372201767,3,3,64.23,26.31,9.46,5,At-Risk Cancelers
28,21.540908659717243,4,2,45.11,20.83,34.06,3,Multi-Device Power Users
29,24.511753616757613,2,2,34.13,35.86,30.01,6,Weekend Binge-Watchers
30,3.7651156833599133,4,3,30.86,36.63,32.51,1,At-Risk Cancelers
31,25.08670437225466,3,4,19.7,23.29,57.01,1,At-Risk Cancelers
32,8.479916700117078,1,4,33.68,33.92,32.4,9,At-Risk Cancelers
33,4.471960533440622,3,5,31.59,44.87,23.54,9,At-Risk Cancelers
34,38.05765041562666,2,2,34.65,20.2,45.15,8,Weekend Binge-Watchers
35,38.694017256833256,1,1,10.23,32.68,57.09,2,Drama Loyalists
36,32.71909922842552,2,5,39.24,44.38,16.38,9,At-Risk Cancelers
37,13.575323228588086,2,4,32.26,65.94,1.8,9,At-Risk Cancelers
38,5.711540332242587,3,3,42.69,43.27,14.05,7,Multi-Device Power Users
39,28.00085500746196,2,4,50.05,9.39,40.56,8,Weekend Binge-Watchers
40,18.72579476210485,3,3,27.36,28.25,44.39,1,At-Risk Cancelers
41,6.637452924101595,1,5,41.04,23.25,35.71,9,At-Risk Cancelers
42,20.816722584228266,3,2,13.67,62.11,24.22,7,Multi-Device Power Users
43,3.306763802378299,1,4,56.95,26.13,16.92,0,Action Enthusiasts
44,36.55417527899372,3,3,2.25,46.07,51.68,4,Weekend Binge-Watchers
45,11.833639300800643,4,2,48.52,44.39,7.09,3,Multi-Device Power Users
46,27.175846805451314,4,1,41.09,37.5,21.41,3,Multi-Device Power Users
47,13.845020891397617,2,3,16.24,49.8,33.96,9,At-Risk Cancelers
48,21.762584804756813,3,5,39.96,34.84,25.2,4,Weekend Binge-Watchers
49,22.774990615044626,3,1,35.75,53.73,10.52,7,Multi-Device Power Users
50,9.024469309970026,1,1,57.7,38.68,3.61,0,Action Enthusiasts
51,38.84421585505323,2,0,73.93,15.73,10.34,6,Weekend Binge-Watchers
52,31.45504728772235,3,4,38.99,32.64,28.37,4,Weekend Binge-Watchers
53,37.70095977943919,2,3,2.43,24.17,73.4,2,Drama Loyalists
54,36.003439316250656,4,1,50.93,36.71,12.36,6,Weekend Binge-Watchers
55,24.720199194821234,3,0,45.59,14.4,40.01,3,Multi-Device Power Users
56,37.03122093087844,3,5,24.53,9.46,66.01,8,Weekend Binge-Watchers
57,5.362715077972941,2,2,80.04,15.95,4.01,5,At-Risk Cancelers
58,9.447348771927517,3,3,36.02,0.25,63.73,1,At-Risk Cancelers
59,3.7186369786004465,2,1,38.27,31.51,30.22,0,Action Enthusiasts
60,14.362552569004045,3,4,10.26,66.75,22.99,7,Multi-Device Power Users
61,16.769737008200316,1,0,46.1,33.74,20.16,0,Action Enthusiasts
62,12.311263207408045,2,1,41.1,12.26,46.64,0,Action Enthusiasts
63,33.492025347773314,3,4,8.95,7.75,83.29,1,At-Risk Cancelers
64,15.556626414356392,4,1,22.59,1.79,75.63,1,At-Risk Cancelers
65,12.67551136812047,3,3,1.63,21.77,76.6,1,At-Risk Cancelers
66,22.62245116001344,4,3,22.43,42.63,34.94,4,Weekend Binge-Watchers
67,7.355120549040981,4,3,33.19,26.61,40.2,1,At-Risk Cancelers
68,32.48348526865351,1,5,37.55,22.23,40.22,8,Weekend Binge-Watchers
69,4.8329244598312915,2,5,34.21,12.13,53.66,1,At-Risk Cancelers
70,39.50170359081966,3,0,42.11,31.22,26.67,6,Weekend Binge-Watchers
71,31.34530123327298,1,3,37.84,26.43,35.73,8,Weekend Binge-Watchers
72,9.551195898298552,3,4,3.97,50.13,45.9,1,At-Risk Cancelers
73,2.209840450696891,4,1,59.92,16.28,23.8,3,Multi-Device Power Users
74,32.9875342812837,2,2,46.79,3.17,50.04,8,Weekend Binge-Watchers
75,28.86057906620945,3,4,61.85,36.21,1.94,5,At-Risk Cancelers
76,29.702272385557517,3,5,51.89,20.49,27.62,5,At-Risk Cancelers
77,31.30827317406594,4,5,76.35,18.79,4.87,5,At-Risk Cancelers
78,4.8136967658954335,3,4,9.69,50.21,40.1,1,At-Risk Cancelers
79,15.62169768468236,3,5,5.65,44.1,50.24,1,At-Risk Cancelers
80,6.403024261954929,4,3,21.24,49.38,29.38,7,Multi-Device Power Users
81,34.797930183272555,1,0,42.13,22.05,35.82,6,Weekend Binge-Watchers
82,25.6853288194472,4,1,4.03,49.9,46.06,4,Weekend Binge-Watchers
83,14.574124944400669,1,0,31.0,28.77,40.23,0,Action Enthusiasts
84,4.415217310868898,2,1,46.38,32.45,21.16,0,Action Enthusiasts
85,13.817328225195164,1,1,43.43,35.64,20.93,0,Action Enthusiasts
86,14.356966237016387,1,0,32.03,10.55,57.42,0,Action Enthusiasts
87,29.725034776846435,2,4,7.81,61.39,30.8,9,At-Risk Cancelers
88,26.2271839114981,1,1,60.96,30.21,8.83,6,Weekend Binge-Watchers
89,35.71408421790041,4,0,29.16,42.38,28.46,3,Multi-Device Power Users
90,19.944167156154073,1,1,6.7,36.8,56.5,2,Drama Loyalists
91,6.544581345655464,2,2,9.35,53.03,37.63,7,Multi-Device Power Users
92,29.10330191447381,4,4,83.68,10.62,5.71,5,At-Risk Cancelers
93,30.909831847442103,2,3,41.46,37.52,21.02,6,Weekend Binge-Watchers
94,23.328533507640856,2,1,57.1,8.07,34.83,8,Weekend Binge-Watchers
95,31.296752838273317,3,2,63.78,24.47,11.75,5,At-Risk Cancelers
96,20.764232661846847,3,3,41.65,10.41,47.94,8,Weekend Binge-Watchers
97,21.863847516515776,2,3,23.44,31.35,45.2,2,Drama Loyalists
98,18.246558697624884,2,1,39.55,18.95,41.5,0,Action Enthusiasts
99,2.9659268162756174,2,0,29.8,36.85,33.35,0,Action Enthusiasts
100,6.09987422574557,3,1,25.11,51.74,23.15,7,Multi-Device Power Users
101,3.1943090560959018,3,2,70.78,18.69,10.53,5,At-Risk Cancelers
102,26.183595628023657,1,3,30.2,25.48,44.32,8,Weekend Binge-Watchers
103,13.945527280900414,1,1,51.69,24.28,24.03,0,Action Enthusiasts
104,21.325686264258707,2,0,52.24,2.14,45.63,8,Weekend Binge-Watchers
105,36.487526009191534,4,1,29.48,38.49,32.03,4,Weekend Binge-Watchers
106,11.473104707657248,4,4,55.26,6.04,38.69,5,At-Risk Cancelers
107,17.59455107535393,3,0,34.52,27.67,37.82,3,Multi-Device Power Users
108,30.71094326463585,3,2,53.04,42.32,4.64,6,Weekend Binge-Watchers
109,10.694330288681654,3,3,14.14,37.42,48.45,1,At-Risk Cancelers
110,4.925236573494134,2,1,23.93,32.16,43.92,0,Action Enthusiasts
111,13.010555210723185,4,0,10.36,25.17,64.47,1,At-Risk Cancelers
112,8.126408915652167,1,4,28.5,0.74,70.76,1,At-Risk Cancelers
113,37.32851078901778,2,0,35.79,53.1,11.11,6,Weekend Binge-Watchers
114,32.70857442344784,1,5,39.17,32.17,28.67,9,At-Risk Cancelers
115,26.069342747396092,1,4,39.8,35.01,25.2,9,At-Risk Cancelers
116,35.11550242713327,2,2,29.98,40.99,29.03,6,Weekend Binge-Watchers
117,32.53953892216635,1,3,37.4,42.41,20.19,6,Weekend Binge-Watchers
118,9.089662237669362,4,2,38.08,36.49,25.43,3,Multi-Device Power Users
119,35.91724194261916,1,1,57.93,30.48,11.59,6,Weekend Binge-Watchers
120,22.49500519279473,4,0,5.66,63.11,31.23,7,Multi-Device Power Users
121,32.68272589623437,4,5,29.3,51.97,18.73,4,Weekend Binge-Watchers
122,36.051469397092745,4,4,28.28,14.34,57.39,4,Weekend Binge-Watchers
123,14.084132048930828,3,4,30.76,55.65,13.59,7,Multi-Device Power Users
124,6.181973132051716,1,0,4.63,89.44,5.94,7,Multi-Device Power Users
125,10.661536176593785,2,5,12.08,40.24,47.67,1,At-Risk Cancelers
126,18.23009596779774,2,0,29.21,7.99,62.8,2,Drama Loyalists
127,33.08456110505474,1,1,43.54,17.38,39.08,8,Weekend Binge-Watchers
128,34.70776216374105,3,2,19.36,46.94,33.7,4,Weekend Binge-Watchers
129,2.2641809601852465,3,4,27.87,52.15,19.98,7,Multi-Device Power Users
130,21.408397497947497,4,1,16.31,16.92,66.77,1,At-Risk Cancelers
131,17.861618119653603,1,2,50.14,5.5,44.36,8,Weekend Binge-Watchers
132,10.44009679788775,1,1,22.68,70.91,6.41,7,Multi-Device Power Users
133,6.554883958679946,2,5,17.81,33.5,48.69,1,At-Risk Cancelers
134,14.829376513337863,1,4,26.27,27.55,46.18,9,At-Risk Cancelers
135,37.83056874867573,3,0,0.4,70.67,28.93,7,Multi-Device Power Users
136,14.2817114167887,1,0,2.07,17.96,79.97,2,Drama Loyalists
137,21.71404362624791,2,2,21.67,64.14,14.19,7,Multi-Device Power Users
138,28.71472043801676,4,3,14.0,28.26,57.74,4,Weekend Binge-Watchers
139,15.81792489041317,2,5,11.79,40.98,47.23,9,At-Risk Cancelers
140,38.92771914339651,2,2,19.49,46.24,34.27,4,Weekend Binge-Watchers
141,38.57299720780023,4,3,60.96,32.92,6.12,5,At-Risk Cancelers
142,11.567727241363837,2,1,22.8,39.75,37.45,0,Action Enthusiasts
143,20.895443223910647,2,5,28.06,30.6,41.34,9,At-Risk Cancelers
144,13.433375773037247,1,1,24.43,26.74,48.83,2,Drama Loyalists
145,12.823938786343769,1,4,47.05,11.12,41.83,0,Action Enthusiasts
146,3.401703999472246,4,5,47.96,42.35,9.69,5,At-Risk Cancelers
147,25.16344469123608,1,3,9.3,39.78,50.92,2,Drama Loyalists
148,21.101802882696738,1,4,46.89,5.22,47.88,8,Weekend Binge-Watchers
149,3.9561925474995956,2,0,8.68,28.17,63.16,2,Drama Loyalists
150,12.588565640991234,3,3,21.67,29.14,49.18,1,At-Risk Cancelers
151,36.514103666732844,1,2,33.67,47.95,18.38,6,Weekend Binge-Watchers
152,11.103351845344951,3,0,35.37,26.57,38.06,3,Multi-Device Power Users
153,7.5060051394664775,1,0,37.2,53.42,9.37,0,Action Enthusiasts
154,20.599204890547394,1,2,44.29,0.53,55.19,8,Weekend Binge-Watchers
155,39.45471725620283,4,5,45.51,9.98,44.51,4,Weekend Binge-Watchers
156,11.198100317437016,4,0,13.55,68.19,18.26,7,Multi-Device Power Users
157,27.541150801423385,4,3,18.55,32.68,48.76,4,Weekend Binge-Watchers
158,30.941545382491267,3,4,89.64,1.21,9.15,5,At-Risk Cancelers
159,11.030226671711187,2,0,25.85,49.3,24.85,7,Multi-Device Power Users
160,29.672221247250665,1,3,24.18,45.46,30.37,9,At-Risk Cancelers
161,15.975759043331623,1,1,44.56,26.93,28.51,0,Action Enthusiasts
162,26.02762156255602,1,3,41.6,3.87,54.53,8,Weekend Binge-Watchers
163,26.074129008914,3,4,29.7,37.45,32.85,4,Weekend Binge-Watchers
164,22.35943799484082,4,3,22.51,42.47,35.02,4,Weekend Binge-Watchers
165,5.431011262067516,2,2,34.11,32.37,33.52,0,Action Enthusiasts
166,33.74149483239104,3,4,35.94,28.29,35.77,4,Weekend Binge-Watchers
167,14.189642468925962,4,5,49.88,48.78,1.34,5,At-Risk Cancelers
168,9.08770339519446,3,1,0.1,34.49,65.41,2,Drama Loyalists
169,3.549455379081029,2,2,73.76,16.26,9.98,5,At-Risk Cancelers
170,24.45393184115319,4,5,3.33,43.68,53.0,4,Weekend Binge-Watchers
171,27.747445750006733,3,3,22.24,53.56,24.2,4,Weekend Binge-Watchers
172,2.630337499258534,2,4,6.37,79.47,14.15,7,Multi-Device Power Users
173,21.459536215372676,1,1,49.76,14.0,36.25,0,Action Enthusiasts
174,10.606839457521643,2,2,45.01,12.78,42.21,0,Action Enthusiasts
175,26.516566035559094,1,5,8.26,64.25,27.49,9,At-Risk Cancelers
176,8.625924302189674,3,5,32.3,63.11,4.59,7,Multi-Device Power Users
177,28.255634047893707,4,1,23.23,46.25,30.52,3,Multi-Device Power Users
178,16.695943159420423,4,3,18.18,37.37,44.45,1,At-Risk Cancelers
179,37.595739571995914,3,1,10.99,54.22,34.79,4,Weekend Binge-Watchers
180,7.2257958775477436,4,5,32.49,50.73,16.78,7,Multi-Device Power Users
181,14.960521339909823,4,0,36.06,42.69,21.25,3,Multi-Device Power Users
182,6.311993807142384,1,2,10.17,82.9,6.93,7,Multi-Device Power Users
183,37.138357494585385,3,1,5.23,41.25,53.52,2,Drama Loyalists
184,35.33889542847728,2,5,26.52,11.7,61.78,8,Weekend Binge-Watchers
185,11.801781853175914,1,3,47.0,23.65,29.35,0,Action Enthusiasts
186,27.079393749298802,3,5,38.47,41.22,20.32,4,Weekend Binge-Watchers
187,33.054443607646206,1,3,38.79,15.49,45.72,8,Weekend Binge-Watchers
188,23.09763084077957,2,1,32.35,18.08,49.58,8,Weekend Binge-Watchers
189,22.126721977528245,2,3,34.25,18.1,47.65,8,Weekend Binge-Watchers
190,11.190387054217164,3,4,1.15,27.35,71.51,1,At-Risk Cancelers
191,5.53790517662417,2,4,38.9,13.14,47.96,1,At-Risk Cancelers
192,36.094198802226416,1,4,47.16,21.94,30.91,8,Weekend Binge-Watchers
193,36.21588617220656,2,0,31.66,46.93,21.41,6,Weekend Binge-Watchers
194,26.057855376384182,1,1,37.36,21.68,40.96,8,Weekend Binge-Watchers
195,14.883132059850626,1,5,49.83,12.93,37.24,8,Weekend Binge-Watchers
196,15.269963835281114,2,5,15.02,9.59,75.39,1,At-Risk Cancelers
197,29.586315797069098,3,0,49.61,38.27,12.12,6,Weekend Binge-Watchers
198,36.09018987819793,4,3,6.18,35.61,58.21,4,Weekend Binge-Watchers
199,35.70928412207446,2,0,27.7,42.64,29.66,6,Weekend Binge-Watchers
200,31.635270742589707,1,3,14.41,66.85,18.74,9,At-Risk Cancelers
201,26.397202553862936,1,3,1.35,91.78,6.87,7,Multi-Device Power Users
202,5.197318669811856,2,2,32.51,20.95,46.55,0,Action Enthusiasts
203,8.141891135595323,3,5,16.85,39.54,43.61,1,At-Risk Cancelers
204,36.145059164029014,3,4,38.16,20.74,41.1,4,Weekend Binge-Watchers
205,25.04430426706442,1,3,33.11,53.88,13.01,9,At-Risk Cancelers
206,2.349487961431927,1,2,3.25,47.26,49.5,2,Drama Loyalists
207,5.85591862890922,3,5,23.31,61.5,15.18,7,Multi-Device Power Users
208,27.21306722610612,4,4,43.99,21.22,34.79,4,Weekend Binge-Watchers
209,2.19234018615631,2,3,49.2,27.37,23.42,0,Action Enthusiasts
210,8.110705953864949,1,3,45.34,43.19,11.47,9,At-Risk Cancelers
211,22.851883995930272,1,0,60.77,20.38,18.85,0,Action Enthusiasts
212,28.292017512322342,3,0,46.27,32.57,21.16,6,Weekend Binge-Watchers
213,26.77452786109882,2,5,68.68,26.25,5.07,5,At-Risk Cancelers
214,10.522233759501272,3,4,28.86,44.44,26.7,9,At-Risk Cancelers
215,29.062810411206364,2,3,33.65,40.75,25.59,6,Weekend Binge-Watchers
216,11.015465324878402,2,5,17.92,50.63,31.45,9,At-Risk Cancelers
217,14.365188530052173,2,5,21.13,52.47,26.4,9,At-Risk Cancelers
218,30.366673394484916,1,1,43.45,10.34,46.21,8,Weekend Binge-Watchers
219,26.686050163794157,4,0,65.64,13.0,21.37,3,Multi-Device Power Users
220,34.27048959877876,3,4,39.86,34.89,25.25,4,Weekend Binge-Watchers
221,26.98928990741305,4,3,65.65,29.4,4.95,5,At-Risk Cancelers
222,23.595726926747922,3,5,63.01,31.77,5.23,5,At-Risk Cancelers
223,5.559641177467514,2,3,60.24,2.05,37.71,0,Action Enthusiasts
224,15.973200516258474,1,1,34.3,20.66,45.04,0,Action Enthusiasts
225,12.077689971905567,4,4,25.91,2.74,71.35,1,At-Risk Cancelers
226,11.271606448405176,1,5,28.83,43.54,27.63,9,At-Risk Cancelers
227,38.97440108059293,3,3,23.58,15.46,60.96,8,Weekend Binge-Watchers
228,16.937713537336897,1,0,49.79,46.17,4.03,6,Weekend Binge-Watchers
229,35.89776909673031,1,1,83.74,4.63,11.63,6,Weekend Binge-Watchers
230,25.98326778789599,4,4,49.2,47.66,3.15,5,At-Risk Cancelers
231,32.20282953458264,2,1,42.43,36.59,20.99,6,Weekend Binge-Watchers
232,21.1002095379973,1,0,10.39,55.91,33.7,2,Drama Loyalists
233,23.922347615801645,2,4,21.92,45.21,32.87,9,At-Risk Cancelers
234,20.715672365116827,3,1,27.77,63.35,8.88,7,Multi-Device Power Users
235,9.419233536325692,1,2,32.52,32.92,34.56,0,Action Enthusiasts
236,29.4531803799372,4,0,15.84,45.61,38.56,3,Multi-Device Power Users
237,12.66934977275252,3,0,12.1,64.66,23.24,7,Multi-Device Power Users
238,2.924006724395246,3,0,2.69,89.17,8.15,7,Multi-Device Power Users
239,26.527947244472376,4,2,60.66,23.39,15.96,5,At-Risk Cancelers
240,8.73020581746786,1,2,47.51,43.02,9.47,0,Action Enthusiasts
241,37.73742620541074,1,3,64.13,12.66,23.21,8,Weekend Binge-Watchers
242,38.249285926098324,3,5,10.47,13.85,75.68,1,At-Risk Cancelers
243,36.764846828377046,1,1,24.76,60.38,14.86,6,Weekend Binge-Watchers
244,16.066030609706885,2,3,31.25,32.8,35.96,9,At-Risk Cancelers
245,2.5873514280969623,4,1,28.04,30.98,40.98,3,Multi-Device Power Users
246,37.27610537833356,2,5,28.89,38.47,32.64,4,Weekend Binge-Watchers
247,18.270997636057945,1,2,16.79,39.51,43.7,2,Drama Loyalists
248,38.73288312365944,3,5,16.04,73.46,10.5,4,Weekend Binge-Watchers
249,38.61755912939161,4,2,61.31,14.98,23.71,5,At-Risk Cancelers
250,34.41435930775968,1,5,43.28,3.85,52.88,8,Weekend Binge-Watchers
251,13.189057898644256,1,3,58.52,34.96,6.53,0,Action Enthusiasts
252,16.633713686873158,3,4,51.14,47.33,1.52,5,At-Risk Cancelers
253,34.343193517640564,3,3,41.21,1.9,56.89,8,Weekend Binge-Watchers
254,14.043036195938551,2,1,2.67,35.0,62.33,2,Drama Loyalists
255,8.440724374071515,4,3,29.73,46.1,24.16,7,Multi-Device Power Users
256,23.158447973417307,4,0,47.73,28.03,24.24,3,Multi-Device Power Users
257,37.57388141810968,3,1,34.54,28.12,37.35,6,Weekend Binge-Watchers
258,28.449132273648974,2,5,5.44,91.22,3.35,7,Multi-Device Power Users
259,23.66232446339587,4,1,5.17,38.78,56.05,2,Drama Loyalists
260,5.6927067632892046,3,4,66.96,2.48,30.56,5,At-Risk Cancelers
261,25.37027461456845,1,2,15.65,74.73,9.62,7,Multi-Device Power Users
262,39.622046303962,4,5,1.46,38.89,59.65,4,Weekend Binge-Watchers
263,7.323192578987913,2,1,35.71,35.99,28.3,0,Action Enthusiasts
264,21.696526789821995,2,5,37.4,3.18,59.43,8,Weekend Binge-Watchers
265,35.340176733262304,2,5,20.06,58.06,21.87,9,At-Risk Cancelers
266,30.149207474659768,1,5,47.06,32.39,20.55,9,At-Risk Cancelers
267,28.486598157820183,4,2,12.67,61.48,25.85,7,Multi-Device Power Users
268,28.694395191510154,4,3,56.98,37.23,5.78,5,At-Risk Cancelers
269,15.660663746350696,1,5,23.13,63.68,13.19,9,At-Risk Cancelers
270,13.156490082050748,4,0,39.09,25.82,35.09,3,Multi-Device Power Users
271,32.75572390818352,1,4,32.39,31.21,36.4,8,Weekend Binge-Watchers
272,32.784308997808864,1,2,34.97,41.9,23.13,6,Weekend Binge-Watchers
273,34.94874810604394,1,1,44.41,34.15,21.44,6,Weekend Binge-Watchers
274,36.70314099714591,2,2,17.45,26.75,55.8,2,Drama Loyalists
275,21.431011156715638,4,1,55.2,40.63,4.18,3,Multi-Device Power Users
276,21.057619198113585,1,2,36.77,36.74,26.49,0,Action Enthusiasts
277,32.335216800737456,4,1,39.98,23.73,36.29,3,Multi-Device Power Users
278,26.698629369555075,2,5,19.79,34.71,45.5,4,Weekend Binge-Watchers
279,28.674741335792728,1,3,21.99,37.7,40.31,2,Drama Loyalists
280,32.24012143857184,3,1,11.64,70.18,18.18,7,Multi-Device Power Users
281,35.82020298906752,2,1,31.28,19.32,49.4,8,Weekend Binge-Watchers
282,14.843815960358361,3,0,28.51,27.77,43.72,3,Multi-Device Power Users
283,16.272152200317873,4,1,63.59,17.66,18.75,3,Multi-Device Power Users
284,5.571313713953022,4,0,37.41,44.67,17.92,3,Multi-Device Power Users
285,23.974645357854612,2,4,24.05,53.58,22.37,9,At-Risk Cancelers
286,3.3658064042761993,4,5,15.66,33.65,50.68,1,At-Risk Cancelers
287,19.692724689033486,3,0,20.84,64.63,14.53,7,Multi-Device Power Users
288,22.62049611888791,1,3,11.39,41.85,46.76,2,Drama Loyalists
289,12.888567580874808,1,5,5.85,60.22,33.93,9,At-Risk Cancelers
290,24.45166390162241,1,0,30.39,4.74,64.87,2,Drama Loyalists
291,3.1590094976838783,2,5,23.6,39.72,36.68,9,At-Risk Cancelers
292,3.419231172470148,4,5,43.54,30.4,26.06,5,At-Risk Cancelers
293,33.258821305067016,3,5,26.97,32.76,40.26,4,Weekend Binge-Watchers
294,15.68724437362799,4,4,22.78,24.47,52.75,1,At-Risk Cancelers
295,6.828299480771622,4,3,24.3,39.42,36.27,1,At-Risk Cancelers
296,21.845243882082567,4,2,38.01,45.7,16.28,3,Multi-Device Power Users
297,31.25975501774721,1,2,27.13,30.58,42.29,2,Drama Loyalists
298,10.20119904488004,3,0,42.98,47.41,9.61,3,Multi-Device Power Users
299,25.66983808112201,3,5,30.52,43.52,25.96,4,Weekend Binge-Watchers
300,5.243203669763184,4,0,25.13,40.57,34.31,3,Multi-Device Power Users
301,3.9639054044070923,1,4,59.45,16.47,24.09,0,Action Enthusiasts
302,22.191475999589624,1,4,56.57,10.04,33.39,8,Weekend Binge-Watchers
303,22.544134621184046,3,1,27.63,28.19,44.17,3,Multi-Device Power Users
304,26.22233625693185,1,4,43.67,45.96,10.37,9,At-Risk Cancelers
305,29.59147068146114,1,1,42.07,12.16,45.78,8,Weekend Binge-Watchers
306,39.082379019576315,1,3,15.46,54.14,30.4,9,At-Risk Cancelers
307,21.61941323544542,2,0,40.18,46.29,13.53,6,Weekend Binge-Watchers
308,14.272345971767347,4,3,4.56,77.11,18.33,7,Multi-Device Power Users
309,32.217075401210735,3,4,21.02,37.02,41.96,4,Weekend Binge-Watchers
310,12.29162554795882,3,3,34.1,10.66,55.24,1,At-Risk Cancelers
311,18.680913986814172,2,3,19.74,1.66,78.6,1,At-Risk Cancelers
312,4.981342491006107,4,3,35.25,28.49,36.26,1,At-Risk Cancelers
313,2.963328249787385,3,4,52.65,35.29,12.06,5,At-Risk Cancelers
314,38.580639757761155,1,5,40.63,39.37,20.0,9,At-Risk Cancelers
315,33.76724457946382,3,3,26.14,41.07,32.79,4,Weekend Binge-Watchers
316,28.447019831560524,1,1,40.34,37.23,22.43,6,Weekend Binge-Watchers
317,17.540211887742256,2,4,8.65,63.64,27.71,9,At-Risk Cancelers
318,8.58518416269214,1,3,46.94,31.82,21.24,0,Action Enthusiasts
319,7.9446076215012695,3,5,10.34,40.47,49.19,1,At-Risk Cancelers
320,11.509230130254622,3,4,44.83,22.68,32.49,5,At-Risk Cancelers
321,22.870613258832577,3,2,46.67,26.01,27.32,3,Multi-Device Power Users
322,29.15464506260237,2,5,45.65,29.8,24.55,9,At-Risk Cancelers
323,27.08750031527379,2,1,53.2,15.61,31.19,8,Weekend Binge-Watchers
324,12.637488083945827,4,3,9.07,56.16,34.77,7,Multi-Device Power Users
325,38.28488066520138,3,2,36.84,46.43,16.73,6,Weekend Binge-Watchers
326,30.040082834439204,1,2,42.36,25.6,32.05,8,Weekend Binge-Watchers
327,23.065453995433227,2,4,55.98,41.1,2.92,5,At-Risk Cancelers
328,25.245388356905384,3,2,67.98,4.09,27.93,5,At-Risk Cancelers
329,17.944802372256017,3,1,42.03,2.27,55.7,8,Weekend Binge-Watchers
330,11.413777601043984,2,1,27.55,31.07,41.38,0,Action Enthusiasts
331,15.52696178874794,4,0,45.25,13.39,41.36,3,Multi-Device Power Users
332,30.798152197646026,2,1,13.5,40.32,46.18,2,Drama Loyalists
333,2.546952567930723,2,5,34.47,39.86,25.67,9,At-Risk Cancelers
334,6.410760339262817,1,2,18.71,42.74,38.55,0,Action Enthusiasts
335,3.7481003968266045,1,1,26.83,34.59,38.58,0,Action Enthusiasts
336,3.5476944881208654,4,4,37.48,16.08,46.44,1,At-Risk Cancelers
337,34.50750219241827,3,0,29.93,44.75,25.31,6,Weekend Binge-Watchers
338,28.7389986564409,2,2,45.92,47.01,7.07,6,Weekend Binge-Watchers
339,20.01860550531836,4,0,68.17,13.67,18.16,3,Multi-Device Power Users
340,5.717698104738056,1,2,26.06,47.15,26.79,0,Action Enthusiasts
341,20.68140325443963,2,4,48.3,16.72,34.98,8,Weekend Binge-Watchers
342,19.991927289661497,3,0,36.74,38.57,24.69,3,Multi-Device Power Users
343,8.581671056580577,1,3,30.85,53.65,15.5,9,At-Risk Cancelers
344,18.486362671042976,1,5,96.32,3.03,0.65,5,At-Risk Cancelers
345,17.14317990710019,1,5,12.58,56.29,31.13,9,At-Risk Cancelers
346,25.402303725984225,4,2,10.74,61.19,28.07,7,Multi-Device Power Users
347,26.133558732970464,3,3,33.33,37.99,28.67,4,Weekend Binge-Watchers
348,3.7215523713376917,2,0,47.32,50.1,2.58,0,Action Enthusiasts
349,16.235279355805908,4,3,37.16,37.18,25.66,3,Multi-Device Power Users
350,25.782676797140983,4,3,47.08,3.29,49.63,8,Weekend Binge-Watchers
351,21.119177826043334,4,0,10.92,58.6,30.48,7,Multi-Device Power Users
352,34.54661396515625,1,4,62.12,4.71,33.16,8,Weekend Binge-Watchers
353,27.03035800151991,3,3,29.59,64.38,6.03,7,Multi-Device Power Users
354,8.191508229094328,4,3,26.13,41.83,32.04,3,Multi-Device Power Users
355,4.681612401216334,2,4,30.87,42.0,27.12,9,At-Risk Cancelers
356,26.411932571839994,3,3,40.78,41.29,17.93,4,Weekend Binge-Watchers
357,3.0074298005816287,2,3,3.06,13.6,83.34,1,At-Risk Cancelers
358,24.259472088391604,3,3,27.11,21.92,50.97,1,At-Risk Cancelers
359,37.72874917414839,2,5,72.01,7.44,20.55,5,At-Risk Cancelers
360,23.8680187592834,1,1,75.59,22.05,2.36,6,Weekend Binge-Watchers
361,16.750457195847833,4,4,38.83,12.86,48.31,1,At-Risk Cancelers
362,26.44495230080942,2,3,11.39,39.73,48.88,2,Drama Loyalists
363,19.413609838677633,3,5,20.53,18.41,61.06,1,At-Risk Cancelers
364,22.733437994005527,4,4,33.95,9.56,56.49,1,At-Risk Cancelers
365,37.77566273350796,4,2,45.14,9.4,45.46,8,Weekend Binge-Watchers
366,16.671900236429423,3,2,32.58,17.21,50.21,1,At-Risk Cancelers
367,38.52524142530874,2,3,10.9,50.32,38.78,4,Weekend Binge-Watchers
368,36.403324394330426,1,5,36.41,28.87,34.72,8,Weekend Binge-Watchers
369,9.440063121993266,1,5,0.57,62.49,36.94,9,At-Risk Cancelers
370,4.635729433256287,2,4,61.66,27.17,11.17,5,At-Risk Cancelers
371,5.829564052342213,4,4,55.3,22.74,21.96,5,At-Risk Cancelers
372,2.6924293747588894,4,5,45.39,43.73,10.88,5,At-Risk Cancelers
373,5.588832508725279,4,4,33.95,37.6,28.45,1,At-Risk Cancelers
374,27.95425738982156,4,5,2.31,48.28,49.41,4,Weekend Binge-Watchers
375,4.705168641488702,2,1,48.37,15.24,36.39,0,Action Enthusiasts
376,14.121073951162929,4,5,53.75,8.36,37.89,5,At-Risk Cancelers
377,34.105261816839274,3,2,52.02,18.02,29.96,8,Weekend Binge-Watchers
378,2.8843335579613827,4,4,12.83,31.91,55.26,1,At-Risk Cancelers
379,32.949802338379556,1,5,49.93,44.67,5.41,9,At-Risk Cancelers
380,12.710481441389197,4,5,83.64,6.81,9.55,5,At-Risk Cancelers
381,6.490263449622938,2,4,63.27,20.22,16.51,5,At-Risk Cancelers
382,28.476012283837726,1,1,36.6,38.65,24.75,6,Weekend Binge-Watchers
383,25.89982817763559,2,1,70.09,12.17,17.73,5,At-Risk Cancelers
384,35.34393651402801,2,4,49.5,27.64,22.85,8,Weekend Binge-Watchers
385,29.93269966454766,1,0,6.55,63.88,29.57,2,Drama Loyalists
386,32.53227535462425,2,4,33.53,10.65,55.82,8,Weekend Binge-Watchers
387,12.717313757709647,2,4,44.56,47.48,7.96,9,At-Risk Cancelers
388,8.742702663629467,4,1,26.44,31.43,42.13,3,Multi-Device Power Users
389,30.523360562352618,3,1,29.53,21.94,48.53,8,Weekend Binge-Watchers
390,32.659720092156036,2,4,4.62,39.45,55.93,2,Drama Loyalists
391,39.639195396025585,2,4,16.73,38.54,44.73,4,Weekend Binge-Watchers
392,17.679471722634204,2,4,41.37,51.12,7.51,9,At-Risk Cancelers
393,16.13668726012576,4,1,52.39,37.64,9.97,3,Multi-Device Power Users
394,31.50369250819588,3,4,40.51,21.61,37.88,4,Weekend Binge-Watchers
395,14.950534529614679,1,4,10.71,21.35,67.94,2,Drama Loyalists
396,37.36877837293546,4,3,44.55,29.11,26.34,4,Weekend Binge-Watchers
397,34.61968457003445,4,0,35.81,18.75,45.44,3,Multi-Device Power Users
398,18.301773040250698,3,2,20.43,33.27,46.31,1,At-Risk Cancelers
399,30.5331005760769,3,0,7.05,7.54,85.41,2,Drama Loyalists
400,30.672629215217928,4,3,25.58,23.48,50.94,4,Weekend Binge-Watchers
401,5.918707015765439,1,2,43.63,16.83,39.54,0,Action Enthusiasts
402,36.29701045382353,4,4,38.92,45.27,15.81,4,Weekend Binge-Watchers
403,21.199590153018573,3,3,5.09,5.77,89.14,1,At-Risk Cancelers
404,33.40538371209418,1,4,13.48,77.42,9.1,9,At-Risk Cancelers
405,14.161884839163246,3,1,36.88,41.97,21.15,3,Multi-Device Power Users
406,36.029882682855614,1,5,15.4,37.81,46.8,9,At-Risk Cancelers
407,16.7896637918982,2,3,21.86,54.03,24.1,9,At-Risk Cancelers
408,2.4118307562513377,3,1,24.04,57.08,18.88,7,Multi-Device Power Users
409,36.40451510393202,3,3,46.75,45.21,8.04,6,Weekend Binge-Watchers
410,5.468893717873075,4,3,35.06,32.53,32.41,3,Multi-Device Power Users
411,14.133918228435764,3,1,33.23,25.75,41.02,3,Multi-Device Power Users
412,38.10235474793059,3,2,42.76,25.39,31.85,6,Weekend Binge-Watchers
413,38.12307158362713,2,0,22.95,59.98,17.07,6,Weekend Binge-Watchers
414,23.79063974868487,3,4,21.42,44.49,34.09,4,Weekend Binge-Watchers
415,26.00981406245237,2,3,12.05,47.43,40.52,2,Drama Loyalists
416,19.04092983517615,2,4,48.35,28.04,23.6,5,At-Risk Cancelers
417,13.142009324526452,2,5,61.77,12.31,25.91,5,At-Risk Cancelers
418,14.489252724056806,2,1,46.33,37.57,16.1,0,Action Enthusiasts
419,27.55570133092746,1,4,17.24,35.72,47.04,2,Drama Loyalists
420,30.59023211863184,4,1,36.27,27.58,36.15,3,Multi-Device Power Users
421,32.08000366158224,1,4,7.98,31.36,60.66,2,Drama Loyalists
422,32.00548942619305,3,0,43.77,41.29,14.94,6,Weekend Binge-Watchers
423,5.465831915850234,1,0,30.56,21.95,47.49,0,Action Enthusiasts
424,20.787971578698095,1,0,21.66,41.44,36.91,2,Drama Loyalists
425,4.187232880632482,3,0,34.78,24.15,41.06,3,Multi-Device Power Users
426,22.88209752830195,3,0,32.56,17.11,50.33,3,Multi-Device Power Users
427,18.778159052188325,3,0,7.81,49.38,42.81,2,Drama Loyalists
428,35.732758944815394,1,1,43.32,48.39,8.3,6,Weekend Binge-Watchers
429,15.33477047697899,1,3,23.27,12.12,64.61,2,Drama Loyalists
430,6.448546624249023,3,4,43.54,11.98,44.48,1,At-Risk Cancelers
431,7.4336839180077625,4,0,35.02,40.5,24.48,3,Multi-Device Power Users
432,30.937404005263947,4,1,67.77,14.79,17.43,5,At-Risk Cancelers
433,25.49228640601792,2,1,34.01,34.94,31.05,6,Weekend Binge-Watchers
434,5.842661692666029,3,1,36.85,41.04,22.11,3,Multi-Device Power Users
435,5.196058632369903,2,3,13.48,46.19,40.33,9,At-Risk Cancelers
436,28.636826995446558,4,4,37.54,31.22,31.24,4,Weekend Binge-Watchers
437,4.764994241839354,2,3,21.77,18.44,59.79,1,At-Risk Cancelers
438,33.230682253033535,3,2,38.76,43.12,18.12,6,Weekend Binge-Watchers
439,28.837204631946857,3,1,26.77,35.05,38.17,3,Multi-Device Power Users
440,5.091253664392191,3,2,12.57,62.15,25.28,7,Multi-Device Power Users
441,5.223833135237292,1,5,64.94,14.57,20.49,5,At-Risk Cancelers
442,39.492303983044664,2,0,3.86,40.53,55.61,2,Drama Loyalists
443,16.222290238732572,4,0,40.62,10.05,49.33,3,Multi-Device Power Users
444,16.084401588541855,4,3,32.86,28.83,38.31,3,Multi-Device Power Users
445,32.8863835557851,4,4,0.01,22.54,77.44,1,At-Risk Cancelers
446,37.99544594058663,1,2,32.13,11.49,56.38,8,Weekend Binge-Watchers
447,39.468040425269095,1,4,2.73,48.04,49.23,2,Drama Loyalists
448,30.62837103983978,3,3,37.09,38.37,24.55,4,Weekend Binge-Watchers
449,16.297864250174797,4,0,27.29,35.79,36.92,3,Multi-Device Power Users
450,5.173027234549413,1,4,4.45,68.82,26.73,9,At-Risk Cancelers
451,31.531582805242596,3,4,47.97,32.65,19.39,5,At-Risk Cancelers
452,23.21936148996059,4,0,1.83,68.34,29.84,7,Multi-Device Power Users
453,18.1204363513851,2,2,22.29,33.82,43.9,2,Drama Loyalists
454,36.441466633599966,3,0,44.97,48.42,6.62,6,Weekend Binge-Watchers
455,6.225504327633751,1,4,33.93,39.41,26.66,9,At-Risk Cancelers
456,20.719753963052646,1,2,20.14,17.2,62.66,2,Drama Loyalists
457,2.4314385011619244,3,2,20.87,32.26,46.87,1,At-Risk Cancelers
458,19.8091043957768,3,0,13.58,42.45,43.97,2,Drama Loyalists
459,4.13952447590982,1,4,43.41,41.0,15.58,9,At-Risk Cancelers
460,6.515080818186733,2,3,23.26,13.0,63.74,1,At-Risk Cancelers
461,6.465997377529986,4,4,34.02,29.01,36.97,1,At-Risk Cancelers
462,26.669991480410417,2,1,47.52,11.75,40.74,8,Weekend Binge-Watchers
463,30.349705412086085,3,5,54.31,27.32,18.37,5,At-Risk Cancelers
464,24.168013073692066,2,3,36.78,35.33,27.9,9,At-Risk Cancelers
465,38.56255684203259,1,2,24.0,15.88,60.12,8,Weekend Binge-Watchers
466,16.245082021900757,3,3,50.48,13.78,35.74,5,At-Risk Cancelers
467,12.857059278710707,4,2,21.18,0.15,78.66,1,At-Risk Cancelers
468,35.00676687119949,1,2,33.38,42.3,24.32,6,Weekend Binge-Watchers
469,10.4966418637392,1,3,25.56,41.02,33.42,9,At-Risk Cancelers
470,38.60245649874323,4,2,25.41,41.12,33.47,4,Weekend Binge-Watchers
471,2.461870038213021,4,2,42.1,49.92,7.98,7,Multi-Device Power Users
472,38.85539541489028,2,1,60.26,13.02,26.72,6,Weekend Binge-Watchers
473,3.6400766541218923,3,4,0.34,36.23,63.43,1,At-Risk Cancelers
474,35.863438320526704,4,4,12.1,25.46,62.44,4,Weekend Binge-Watchers
475,22.052642145279396,4,5,75.52,9.93,14.54,5,At-Risk Cancelers
476,39.732662252533416,3,5,31.66,23.1,45.25,4,Weekend Binge-Watchers
477,4.804269459945157,4,1,43.6,41.56,14.84,3,Multi-Device Power Users
478,23.04646280725019,4,5,52.0,2.74,45.26,5,At-Risk Cancelers
479,38.83349635352576,2,3,47.68,14.62,37.7,8,Weekend Binge-Watchers
480,21.877718078465655,1,0,40.8,12.05,47.15,0,Action Enthusiasts
481,25.917148249139977,1,0,20.11,16.07,63.82,2,Drama Loyalists
482,28.43845018141545,1,0,7.94,68.47,23.59,7,Multi-Device Power Users
483,19.27256046117538,1,1,37.08,22.2,40.72,0,Action Enthusiasts
484,25.84720704319441,4,1,51.86,37.54,10.6,3,Multi-Device Power Users
485,24.20394385307781,3,2,3.18,50.24,46.57,2,Drama Loyalists
486,36.24400439865758,3,0,28.65,12.3,59.05,8,Weekend Binge-Watchers
487,3.726962452975399,2,3,45.09,22.96,31.94,0,Action Enthusiasts
488,12.676601204504752,2,5,42.31,36.36,21.33,9,At-Risk Cancelers
489,38.11563639490923,4,3,22.74,31.37,45.88,4,Weekend Binge-Watchers
490,35.83002378785482,3,5,28.15,61.47,10.38,4,Weekend Binge-Watchers
491,19.31495660585709,3,0,20.24,74.56,5.2,7,Multi-Device Power Users
492,25.565038716458396,1,0,24.84,26.81,48.35,2,Drama Loyalists
493,12.540484953283041,4,0,22.11,49.47,28.42,3,Multi-Device Power Users
494,9.14860406950293,4,1,4.88,15.92,79.19,1,At-Risk Cancelers
495,19.620539387719322,1,5,64.97,2.58,32.45,5,At-Risk Cancelers
496,15.427384664990008,4,1,52.77,25.9,21.32,3,Multi-Device Power Users
497,24.17893225033314,4,1,41.13,17.03,41.84,3,Multi-Device Power Users
498,4.953916204669424,2,4,44.52,26.73,28.74,0,Action Enthusiasts
499,39.02700269131433,3,3,20.86,60.53,18.62,4,Weekend Binge-Watchers
500,39.47600829022491,4,3,28.73,39.79,31.48,4,Weekend Binge-Watchers
501,28.530145132750317,2,2,31.63,34.14,34.23,6,Weekend Binge-Watchers
502,22.371661921076576,3,1,44.32,25.24,30.43,3,Multi-Device Power Users
503,13.762049418880455,1,5,29.68,6.91,63.41,1,At-Risk Cancelers
504,32.92421074886405,2,4,43.97,2.26,53.76,8,Weekend Binge-Watchers
505,28.019784557047412,2,4,30.56,27.72,41.72,8,Weekend Binge-Watchers
506,8.179443695105869,3,3,20.47,30.37,49.17,1,At-Risk Cancelers
507,36.61523301076601,1,1,12.63,77.62,9.75,6,Weekend Binge-Watchers
508,33.256415231080425,2,2,39.47,9.73,50.8,8,Weekend Binge-Watchers
509,38.092396705093115,4,1,51.49,1.74,46.77,8,Weekend Binge-Watchers
510,29.57734131875768,4,0,21.59,30.72,47.69,3,Multi-Device Power Users
511,25.309777445560016,4,1,51.78,19.07,29.15,3,Multi-Device Power Users
512,17.893235379043517,1,0,29.84,3.75,66.41,2,Drama Loyalists
513,37.4436823674525,2,0,32.97,33.5,33.53,6,Weekend Binge-Watchers
514,34.910427801015516,4,2,47.05,26.36,26.59,3,Multi-Device Power Users
515,3.7183094640351975,1,5,46.7,31.91,21.39,9,At-Risk Cancelers
516,3.001945030895576,4,3,19.76,19.32,60.93,1,At-Risk Cancelers
517,16.305607941365885,3,1,62.5,29.48,8.02,5,At-Risk Cancelers
518,32.80102656970965,2,0,4.15,27.14,68.71,2,Drama Loyalists
519,39.51649291396789,2,1,7.0,50.34,42.66,2,Drama Loyalists
520,7.715841861934071,1,5,33.51,25.47,41.02,9,At-Risk Cancelers
521,24.576967183381136,1,3,20.76,58.25,20.99,9,At-Risk Cancelers
522,16.473852551978815,2,5,69.06,10.37,20.57,5,At-Risk Cancelers
523,38.85674711695492,4,3,0.85,44.68,54.47,4,Weekend Binge-Watchers
524,34.00051907915693,4,4,41.46,25.91,32.62,4,Weekend Binge-Watchers
525,33.85649077902324,3,3,18.84,37.84,43.32,4,Weekend Binge-Watchers
526,19.81034007220887,4,2,1.98,57.84,40.19,7,Multi-Device Power Users
527,17.763141088831276,1,5,10.43,77.9,11.67,9,At-Risk Cancelers
528,12.389468733366837,1,0,50.96,47.72,1.32,0,Action Enthusiasts
529,4.14226887273523,4,4,44.67,6.0,49.33,1,At-Risk Cancelers
530,34.85945029769202,1,2,28.89,1.37,69.74,8,Weekend Binge-Watchers
531,32.89023834694295,2,1,30.74,47.88,21.38,6,Weekend Binge-Watchers
532,39.98927158487296,2,5,40.29,35.53,24.18,4,Weekend Binge-Watchers
533,39.8721998088084,4,0,0.88,68.65,30.47,7,Multi-Device Power Users
534,23.106404812899843,2,3,38.07,19.23,42.7,8,Weekend Binge-Watchers
535,31.221521776859397,2,0,55.08,19.73,25.19,6,Weekend Binge-Watchers
536,37.90109773553227,3,1,36.32,2.11,61.57,8,Weekend Binge-Watchers
537,34.28660084574164,3,4,31.59,44.83,23.57,4,Weekend Binge-Watchers
538,11.39922786624151,2,4,20.97,44.9,34.14,9,At-Risk Cancelers
539,19.120677141783553,4,5,41.94,50.56,7.5,5,At-Risk Cancelers
540,6.908057775756809,3,4,38.24,13.14,48.62,1,At-Risk Cancelers
541,38.25393903583145,1,5,37.7,44.22,18.08,9,At-Risk Cancelers
542,25.03463610913344,1,5,56.49,39.27,4.25,9,At-Risk Cancelers
543,10.688426609131584,1,5,11.35,28.71,59.95,1,At-Risk Cancelers
544,27.524626007422555,4,3,1.16,58.07,40.77,4,Weekend Binge-Watchers
545,25.48887313740004,2,2,36.12,44.42,19.47,6,Weekend Binge-Watchers
546,15.610183285247938,1,5,38.18,41.85,19.97,9,At-Risk Cancelers
547,6.315188503585903,4,5,7.31,44.95,47.74,1,At-Risk Cancelers
548,27.519781432526386,3,2,35.95,37.56,26.49,6,Weekend Binge-Watchers
549,21.771692634344145,2,0,1.57,25.16,73.27,2,Drama Loyalists
550,31.348098885954293,3,5,15.39,50.56,34.05,4,Weekend Binge-Watchers
551,21.76621304225575,4,3,64.3,0.86,34.84,5,At-Risk Cancelers
552,34.38289701210452,1,4,30.61,42.32,27.07,9,At-Risk Cancelers
553,22.972459873430452,1,4,26.55,53.87,19.58,9,At-Risk Cancelers
554,23.31564291834468,4,1,21.28,35.65,43.06,3,Multi-Device Power Users
555,35.312836901017114,1,1,0.09,65.82,34.09,2,Drama Loyalists
556,17.332348916071087,2,4,32.15,33.44,34.41,9,At-Risk Cancelers
557,7.092578681124348,4,4,40.85,21.48,37.67,1,At-Risk Cancelers
558,3.093741699906881,3,3,47.55,3.85,48.6,1,At-Risk Cancelers
559,30.695215715597524,4,2,49.1,25.67,25.23,3,Multi-Device Power Users
560,25.57176295143166,2,1,1.96,21.66,76.38,2,Drama Loyalists
561,28.755031187770495,2,2,56.62,21.64,21.74,6,Weekend Binge-Watchers
562,10.092638137338607,4,3,46.83,49.9,3.27,7,Multi-Device Power Users
563,7.1821160722972515,4,4,40.64,48.72,10.64,7,Multi-Device Power Users
564,2.552697295379513,1,5,43.11,17.48,39.41,0,Action Enthusiasts
565,15.322327234650686,2,2,40.2,37.62,22.18,0,Action Enthusiasts
566,24.416872100476056,4,4,24.59,75.39,0.02,7,Multi-Device Power Users
567,16.90527371378983,4,4,6.3,5.93,87.77,1,At-Risk Cancelers
568,18.624047036901704,2,0,19.6,7.93,72.47,2,Drama Loyalists
569,36.35803039076244,4,2,21.41,14.14,64.45,4,Weekend Binge-Watchers
570,15.233707746885413,1,5,38.82,47.73,13.46,9,At-Risk Cancelers
571,21.53160058807281,2,2,73.4,14.78,11.82,5,At-Risk Cancelers
572,31.778814484163437,1,4,31.39,64.13,4.48,9,At-Risk Cancelers
573,17.068625728208268,1,5,4.71,36.36,58.93,2,Drama Loyalists
574,25.639294608659192,1,3,40.11,21.0,38.89,8,Weekend Binge-Watchers
575,34.76982093237632,1,0,58.2,15.23,26.58,6,Weekend Binge-Watchers
576,38.0817836989904,2,4,57.09,34.24,8.66,6,Weekend Binge-Watchers
577,7.588792275303442,1,1,45.78,30.56,23.66,0,Action Enthusiasts
578,37.21032975613679,1,1,33.11,45.68,21.21,6,Weekend Binge-Watchers
579,20.70041913702245,4,0,46.03,36.05,17.92,3,Multi-Device Power Users
580,11.813286755360418,2,3,5.93,45.33,48.74,2,Drama Loyalists
581,19.44715873705393,2,4,18.39,45.47,36.14,9,At-Risk Cancelers
582,39.24123786084813,3,2,19.54,70.87,9.59,7,Multi-Device Power Users
583,20.719487571729044,2,0,19.81,76.59,3.6,7,Multi-Device Power Users
584,14.492561190925311,2,3,11.82,4.67,83.51,1,At-Risk Cancelers
585,26.06923246403558,3,2,72.2,0.8,27.0,5,At-Risk Cancelers
586,11.125533513571337,2,1,74.58,20.28,5.14,5,At-Risk Cancelers
587,4.882806468129229,2,1,40.39,46.35,13.26,0,Action Enthusiasts
588,6.897429432604671,2,2,24.61,68.86,6.52,7,Multi-Device Power Users
589,6.865741880395353,2,0,50.53,25.07,24.41,0,Action Enthusiasts
590,7.772302353467185,3,1,27.38,38.08,34.54,3,Multi-Device Power Users
591,7.275432560677585,2,4,23.89,55.11,21.0,9,At-Risk Cancelers
592,26.353240302522156,2,5,33.25,44.84,21.91,9,At-Risk Cancelers
593,8.911443207167503,3,2,20.8,25.12,54.07,1,At-Risk Cancelers
594,15.135356766306803,4,2,22.34,44.72,32.94,3,Multi-Device Power Users
595,36.07795957642845,1,1,44.74,13.25,42.01,8,Weekend Binge-Watchers
596,20.01054232998915,4,0,21.56,14.15,64.29,3,Multi-Device Power Users
597,27.367194063799033,3,4,70.72,27.78,1.49,5,At-Risk Cancelers
598,8.548155105661934,1,0,44.28,17.02,38.7,0,Action Enthusiasts
599,9.30698271472949,3,3,44.28,26.9,28.82,5,At-Risk Cancelers
600,3.553007418126197,3,3,3.31,44.15,52.54,1,At-Risk Cancelers
601,8.419532396742252,2,5,19.63,15.98,64.39,1,At-Risk Cancelers
602,12.586432883214428,1,1,0.45,42.49,57.06,2,Drama Loyalists
603,8.726398402516379,2,1,32.91,27.72,39.36,0,Action Enthusiasts
604,5.3706962827681135,1,1,45.48,29.26,25.26,0,Action Enthusiasts
605,6.584163101822831,3,5,11.52,42.28,46.19,1,At-Risk Cancelers
606,19.50959318524358,3,3,42.57,13.33,44.09,8,Weekend Binge-Watchers
607,9.840681299420115,4,0,26.71,30.06,43.24,3,Multi-Device Power Users
608,15.842254719826867,1,5,31.29,56.12,12.59,9,At-Risk Cancelers
609,21.12985629248456,2,5,36.5,11.99,51.51,8,Weekend Binge-Watchers
610,28.235003487915883,4,0,59.52,10.21,30.27,3,Multi-Device Power Users
611,3.4938613139617596,4,1,12.1,86.79,1.11,7,Multi-Device Power Users
612,32.37759515854362,4,4,17.38,57.09,25.53,4,Weekend Binge-Watchers
613,25.860214800654497,2,0,58.24,24.82,16.94,6,Weekend Binge-Watchers
614,5.1068432140571325,4,3,22.85,36.44,40.71,1,At-Risk Cancelers
615,35.19598771605754,2,2,35.43,42.7,21.87,6,Weekend Binge-Watchers
616,36.9931512202089,4,2,19.75,42.5,37.75,4,Weekend Binge-Watchers
617,4.320962474484823,2,5,5.07,94.86,0.07,7,Multi-Device Power Users
618,12.52135062959374,3,2,15.93,54.47,29.59,7,Multi-Device Power Users
619,32.63564863213633,3,4,33.16,48.9,17.95,4,Weekend Binge-Watchers
620,30.433868234579016,3,1,15.6,66.99,17.42,7,Multi-Device Power Users
621,9.011798735542339,3,3,9.65,77.17,13.17,7,Multi-Device Power Users
622,9.955274286794992,3,4,62.14,24.07,13.78,5,At-Risk Cancelers
623,16.077939906072515,4,3,63.4,0.7,35.9,5,At-Risk Cancelers
624,20.411873437258812,4,3,41.5,43.25,15.25,3,Multi-Device Power Users
625,25.493681318151246,4,1,41.2,38.65,20.14,3,Multi-Device Power Users
626,16.01871830365135,2,5,33.45,14.44,52.1,1,At-Risk Cancelers
627,19.57631921305962,2,2,39.8,23.9,36.29,0,Action Enthusiasts
628,30.40389564908275,2,1,12.57,29.62,57.8,2,Drama Loyalists
629,3.39396170984272,2,4,60.87,7.59,31.54,5,At-Risk Cancelers
630,11.592603885072789,3,5,43.15,42.53,14.32,9,At-Risk Cancelers
631,29.107284263612993,3,4,68.88,20.78,10.34,5,At-Risk Cancelers
632,36.01785983211357,3,5,49.01,3.36,47.63,8,Weekend Binge-Watchers
633,21.443742800395313,1,4,46.51,48.57,4.92,9,At-Risk Cancelers
634,22.220312440081994,4,1,20.03,57.01,22.97,7,Multi-Device Power Users
635,6.07253643091149,2,5,56.94,4.23,38.84,5,At-Risk Cancelers
636,19.001669939291276,2,5,37.74,41.89,20.37,9,At-Risk Cancelers
637,22.23945612529088,3,3,9.5,69.16,21.35,7,Multi-Device Power Users
638,11.213879138119728,2,3,41.25,6.84,51.91,1,At-Risk Cancelers
639,12.231242776076476,2,0,76.88,13.52,9.6,0,Action Enthusiasts
640,16.33679819797566,4,4,13.65,40.77,45.58,1,At-Risk Cancelers
641,2.762705515553602,3,3,65.35,24.44,10.21,5,At-Risk Cancelers
642,14.239008292160776,4,0,47.37,48.95,3.68,3,Multi-Device Power Users
643,10.035024265868696,1,3,35.32,30.64,34.04,0,Action Enthusiasts
644,14.444899382760756,1,4,45.0,46.09,8.91,9,At-Risk Cancelers
645,6.550961009131546,1,5,32.54,16.21,51.25,1,At-Risk Cancelers
646,35.84003666811601,3,2,39.22,38.92,21.86,6,Weekend Binge-Watchers
647,24.55651323505385,2,4,59.8,34.05,6.15,5,At-Risk Cancelers
648,27.805888127490604,3,1,11.04,23.73,65.23,2,Drama Loyalists
649,31.988507067078856,3,3,61.6,6.5,31.9,5,At-Risk Cancelers
650,20.940803559304175,2,3,44.05,3.24,52.71,8,Weekend Binge-Watchers
651,5.3029709473221,4,5,22.32,62.45,15.23,7,Multi-Device Power Users
652,22.410048589104814,1,1,32.81,23.45,43.74,0,Action Enthusiasts
653,24.299962484793408,4,5,73.55,24.99,1.46,5,At-Risk Cancelers
654,30.32670001900454,1,1,12.63,47.65,39.72,2,Drama Loyalists
655,18.403062756727817,3,2,35.6,15.93,48.47,1,At-Risk Cancelers
656,6.848051506231423,1,3,33.78,25.29,40.93,0,Action Enthusiasts
657,12.78348442035153,3,3,28.23,20.33,51.45,1,At-Risk Cancelers
658,15.797127263148134,4,2,0.73,49.75,49.52,7,Multi-Device Power Users
659,26.544855170600847,3,0,0.53,47.77,51.7,2,Drama Loyalists
660,23.68957557741865,4,5,34.54,46.18,19.27,4,Weekend Binge-Watchers
661,15.531675584118158,2,2,59.33,22.47,18.2,0,Action Enthusiasts
662,39.487579454133225,2,5,25.98,41.19,32.83,4,Weekend Binge-Watchers
663,25.019443135561712,2,4,34.91,44.34,20.75,9,At-Risk Cancelers
664,11.01461808596779,3,3,23.54,34.78,41.68,1,At-Risk Cancelers
665,5.867733959575342,2,5,29.91,19.44,50.64,1,At-Risk Cancelers
666,7.808647289004617,1,1,77.62,7.75,14.63,0,Action Enthusiasts
667,11.346393678611308,4,5,38.63,24.73,36.64,1,At-Risk Cancelers
668,8.105892183863116,4,4,12.8,64.71,22.49,7,Multi-Device Power Users
669,9.089546913949619,1,3,27.13,53.22,19.64,9,At-Risk Cancelers
670,12.83361641036619,3,2,3.87,29.35,66.78,1,At-Risk Cancelers
671,8.588196621200684,3,4,29.0,22.97,48.03,1,At-Risk Cancelers
672,36.07708613580416,4,3,29.97,36.57,33.46,4,Weekend Binge-Watchers
673,5.0488823351424035,2,5,7.46,51.88,40.66,9,At-Risk Cancelers
674,21.93143280366968,3,0,34.84,46.38,18.78,3,Multi-Device Power Users
675,17.59507942560714,3,0,28.34,32.7,38.96,3,Multi-Device Power Users
676,39.33038744252704,1,1,70.18,23.15,6.67,6,Weekend Binge-Watchers
677,6.257478282385989,1,3,43.13,40.49,16.38,0,Action Enthusiasts
678,17.11851276373818,2,0,7.78,20.56,71.66,2,Drama Loyalists
679,38.83987646446402,3,2,43.87,53.83,2.3,6,Weekend Binge-Watchers
680,34.88927078397125,3,3,27.96,51.43,20.61,4,Weekend Binge-Watchers
681,33.04873869607263,1,2,20.88,28.28,50.84,2,Drama Loyalists
682,11.800307427707713,3,2,43.33,1.88,54.79,1,At-Risk Cancelers
683,8.493728320822502,4,0,52.59,27.23,20.18,3,Multi-Device Power Users
684,27.40844235712838,1,3,67.84,29.09,3.07,5,At-Risk Cancelers
685,37.31628758684826,2,5,62.91,17.57,19.52,5,At-Risk Cancelers
686,23.15698993452933,1,4,25.4,46.69,27.9,9,At-Risk Cancelers
687,23.721282199856194,3,0,29.1,35.88,35.02,3,Multi-Device Power Users
688,12.639205559090799,2,0,26.3,58.91,14.79,7,Multi-Device Power Users
689,31.240731461293603,1,5,27.62,35.0,37.38,9,At-Risk Cancelers
690,9.107662445185888,4,3,66.94,12.78,20.29,5,At-Risk Cancelers
691,14.29981098336126,4,3,31.94,20.32,47.74,1,At-Risk Cancelers
692,18.166584667423837,1,2,32.56,15.76,51.68,8,Weekend Binge-Watchers
693,21.289194390009293,4,5,12.13,38.79,49.08,4,Weekend Binge-Watchers
694,11.21156983177305,4,5,41.75,42.67,15.58,5,At-Risk Cancelers
695,6.363799340089734,4,3,7.32,47.57,45.12,1,At-Risk Cancelers
696,25.20356161278204,2,2,65.3,9.91,24.78,5,At-Risk Cancelers
697,12.96796102312972,4,0,30.61,49.15,20.24,3,Multi-Device Power Users
698,24.087052414059265,4,1,2.55,36.05,61.41,2,Drama Loyalists
699,7.865783180419688,4,4,2.65,29.72,67.63,1,At-Risk Cancelers
700,20.283323870483063,2,0,9.24,43.96,46.8,2,Drama Loyalists
701,22.238398436960264,1,3,37.57,35.31,27.11,9,At-Risk Cancelers
702,3.9692943992522225,3,4,16.59,35.94,47.47,1,At-Risk Cancelers
703,14.790962571368983,4,1,68.23,26.81,4.96,5,At-Risk Cancelers
704,7.107757723681021,1,1,49.64,21.79,28.57,0,Action Enthusiasts
705,4.408248877965175,4,2,50.99,12.37,36.64,3,Multi-Device Power Users
706,39.61848883081792,2,4,36.93,22.6,40.47,8,Weekend Binge-Watchers
707,14.249446109039473,1,2,40.18,32.13,27.68,0,Action Enthusiasts
708,32.775228942476126,2,0,47.93,42.69,9.38,6,Weekend Binge-Watchers
709,11.676344881023027,4,5,18.38,42.82,38.8,1,At-Risk Cancelers
710,27.897103444509312,4,5,28.53,5.67,65.81,1,At-Risk Cancelers
711,30.888658675808088,2,5,53.49,23.65,22.86,5,At-Risk Cancelers
712,24.634272143098084,3,4,75.09,14.42,10.49,5,At-Risk Cancelers
713,19.919895164906016,2,5,71.63,12.58,15.78,5,At-Risk Cancelers
714,17.649954737596204,4,0,28.26,55.74,16.0,7,Multi-Device Power Users
715,15.25699412863382,2,2,69.54,3.74,26.72,5,At-Risk Cancelers
716,37.32210748141738,3,4,30.96,27.25,41.79,4,Weekend Binge-Watchers
717,33.56353749593371,2,2,39.28,13.28,47.44,8,Weekend Binge-Watchers
718,38.67102260532748,3,4,11.5,49.4,39.1,4,Weekend Binge-Watchers
719,6.7232944924507,3,2,39.13,36.87,24.0,3,Multi-Device Power Users
720,29.77296405773848,2,1,14.99,18.64,66.37,2,Drama Loyalists
721,37.65693735919944,2,2,31.94,48.4,19.66,6,Weekend Binge-Watchers
722,8.886856514295086,1,5,41.6,35.59,22.82,9,At-Risk Cancelers
723,4.526858159937545,4,1,10.53,48.73,40.74,7,Multi-Device Power Users
724,30.162584673022245,3,2,15.08,46.73,38.19,4,Weekend Binge-Watchers
725,23.82997830083665,1,4,6.48,83.21,10.32,9,At-Risk Cancelers
726,33.989493516814335,2,4,34.1,33.87,32.03,4,Weekend Binge-Watchers
727,7.311350311799001,4,4,28.7,51.88,19.42,7,Multi-Device Power Users
728,32.22015785067583,1,3,23.68,36.76,39.56,2,Drama Loyalists
729,9.661838161814291,3,0,55.31,42.96,1.73,3,Multi-Device Power Users
730,8.218925828896772,1,4,43.33,20.9,35.77,0,Action Enthusiasts
731,8.242100321377732,3,1,23.72,53.72,22.57,7,Multi-Device Power Users
732,32.953839368792515,2,4,54.16,41.49,4.35,6,Weekend Binge-Watchers
733,27.277494386455604,4,3,37.46,32.91,29.63,4,Weekend Binge-Watchers
734,21.876486141226536,4,5,49.45,32.36,18.19,5,At-Risk Cancelers
735,15.635558396693094,4,1,11.94,57.6,30.46,7,Multi-Device Power Users
736,35.33362055089812,2,3,49.18,46.29,4.52,6,Weekend Binge-Watchers
737,16.912914082060144,3,5,64.74,17.59,17.67,5,At-Risk Cancelers
738,33.03077869991993,2,1,19.99,58.93,21.08,6,Weekend Binge-Watchers
739,18.6871265256683,4,2,40.3,51.2,8.51,7,Multi-Device Power Users
740,16.323888318146487,2,0,2.1,47.11,50.8,2,Drama Loyalists
741,19.581831855445046,2,0,22.62,76.31,1.07,7,Multi-Device Power Users
742,13.4523592182374,2,3,47.01,23.28,29.71,0,Action Enthusiasts
743,30.409156446697544,3,5,0.0,88.13,11.87,7,Multi-Device Power Users
744,21.10337482351421,1,0,42.71,25.75,31.54,0,Action Enthusiasts
745,10.824082415579058,1,5,22.79,36.82,40.39,9,At-Risk Cancelers
746,36.1838337844336,2,5,7.8,69.11,23.09,9,At-Risk Cancelers
747,16.587866412182034,1,3,39.67,20.96,39.37,0,Action Enthusiasts
748,22.655008722331566,1,3,30.54,41.66,27.8,9,At-Risk Cancelers
749,36.44594021665279,2,3,18.79,35.4,45.81,4,Weekend Binge-Watchers
750,25.7210438447317,2,0,25.85,27.66,46.49,2,Drama Loyalists
751,6.4421255469178345,4,3,19.96,3.4,76.63,1,At-Risk Cancelers
752,37.71362069731205,1,0,0.18,32.87,66.95,2,Drama Loyalists
753,25.852906016713877,3,3,57.42,0.5,42.08,8,Weekend Binge-Watchers
754,14.726413356969273,2,4,45.17,45.7,9.13,9,At-Risk Cancelers
755,7.292338761208716,4,5,16.54,71.21,12.26,7,Multi-Device Power Users
756,32.17295719227125,3,3,33.58,20.01,46.41,8,Weekend Binge-Watchers
757,25.562764725283515,1,1,41.26,40.51,18.23,6,Weekend Binge-Watchers
758,22.271521495100217,4,5,54.17,22.08,23.76,5,At-Risk Cancelers
759,35.96791815593639,2,5,22.8,36.21,40.99,4,Weekend Binge-Watchers
760,31.966694026532167,3,3,20.93,55.65,23.41,4,Weekend Binge-Watchers
761,7.763645429844544,2,2,14.63,42.57,42.81,2,Drama Loyalists
762,13.845438576230833,1,3,38.5,21.62,39.87,0,Action Enthusiasts
763,11.442587312949698,3,5,37.17,35.64,27.19,9,At-Risk Cancelers
764,30.269959117761726,1,1,13.67,20.02,66.31,2,Drama Loyalists
765,3.2742325199596163,1,5,26.29,70.19,3.52,9,At-Risk Cancelers
766,23.655808025110026,4,1,76.13,2.18,21.7,5,At-Risk Cancelers
767,30.973430058146242,2,0,43.02,32.18,24.8,6,Weekend Binge-Watchers
768,35.31709419694648,3,4,52.63,35.24,12.13,5,At-Risk Cancelers
769,14.999106451204483,1,5,34.5,31.47,34.03,9,At-Risk Cancelers
770,33.20777757753649,1,3,27.44,8.4,64.16,8,Weekend Binge-Watchers
771,6.204006004297875,3,0,30.24,48.06,21.7,7,Multi-Device Power Users
772,34.16518708591169,1,4,55.81,15.3,28.89,8,Weekend Binge-Watchers
773,6.844569168615331,4,3,4.72,37.45,57.83,1,At-Risk Cancelers
774,17.096917041293956,4,2,44.92,18.37,36.7,3,Multi-Device Power Users
775,32.297223899623035,4,3,47.11,20.41,32.48,4,Weekend Binge-Watchers
776,7.696862239253404,4,1,15.7,51.29,33.01,7,Multi-Device Power Users
777,10.711553018840377,1,1,37.04,19.8,43.16,0,Action Enthusiasts
778,29.44559759893652,3,2,44.46,12.2,43.33,8,Weekend Binge-Watchers
779,29.361388388750825,3,0,50.51,9.07,40.43,3,Multi-Device Power Users
780,26.3636100496413,3,4,3.33,32.86,63.8,1,At-Risk Cancelers
781,28.370040889749802,3,3,19.45,55.5,25.05,4,Weekend Binge-Watchers
782,22.623528847208654,2,1,31.12,46.45,22.43,6,Weekend Binge-Watchers
783,11.568364238464206,3,0,24.13,6.84,69.03,1,At-Risk Cancelers
784,15.13644775314894,2,2,48.57,26.73,24.7,0,Action Enthusiasts
785,8.900713238454175,2,5,45.91,6.06,48.02,1,At-Risk Cancelers
786,36.52112133067788,4,1,9.67,1.57,88.76,2,Drama Loyalists
787,24.168888201112576,2,2,28.57,36.79,34.65,6,Weekend Binge-Watchers
788,17.232353837018316,1,3,27.46,32.51,40.02,9,At-Risk Cancelers
789,19.556220538477042,2,4,27.61,12.19,60.2,1,At-Risk Cancelers
790,37.99676690524898,4,1,46.37,11.62,42.0,3,Multi-Device Power Users
791,7.827353318411047,2,1,66.4,1.9,31.7,0,Action Enthusiasts
792,24.276733616638296,1,3,44.03,52.73,3.24,9,At-Risk Cancelers
793,21.22376979760971,1,5,34.16,46.62,19.22,9,At-Risk Cancelers
794,25.235260946516618,1,0,36.33,10.66,53.01,8,Weekend Binge-Watchers
795,2.6881869851919395,4,4,57.46,14.44,28.1,5,At-Risk Cancelers
796,35.14070853987776,4,1,30.04,37.56,32.4,3,Multi-Device Power Users
797,37.42049473437727,3,4,36.22,46.04,17.74,4,Weekend Binge-Watchers
798,23.47506097638994,4,1,44.97,21.9,33.13,3,Multi-Device Power Users
799,28.472731307321904,1,4,53.62,9.9,36.47,8,Weekend Binge-Watchers
800,37.05497648473724,1,2,50.57,2.47,46.96,8,Weekend Binge-Watchers
801,28.875068103909147,4,1,14.85,43.65,41.5,4,Weekend Binge-Watchers
802,7.796483630741931,2,4,36.65,41.7,21.66,9,At-Risk Cancelers
803,23.8989576863389,4,0,51.15,4.37,44.49,3,Multi-Device Power Users
804,25.055171762548525,4,2,42.35,25.24,32.4,3,Multi-Device Power Users
805,18.11696550949067,1,2,63.43,0.84,35.74,0,Action Enthusiasts
806,29.984880953739466,3,0,41.13,46.19,12.67,6,Weekend Binge-Watchers
807,37.505946561222565,1,4,36.34,15.32,48.35,8,Weekend Binge-Watchers
808,37.1716034904575,3,3,42.66,3.06,54.28,8,Weekend Binge-Watchers
809,19.13189611335702,1,0,38.0,23.6,38.4,0,Action Enthusiasts
810,6.3030457419487,4,4,37.57,30.1,32.33,1,At-Risk Cancelers
811,39.42396556056871,1,0,20.8,53.23,25.97,6,Weekend Binge-Watchers
812,33.87812728494549,1,0,10.16,33.9,55.94,2,Drama Loyalists
813,6.73718188572414,1,1,49.56,17.35,33.09,0,Action Enthusiasts
814,36.991991539460145,4,4,34.14,32.98,32.88,4,Weekend Binge-Watchers
815,35.056061758360876,4,3,42.33,29.9,27.77,4,Weekend Binge-Watchers
816,21.71584617079074,4,1,1.83,65.71,32.46,7,Multi-Device Power Users
817,24.468466558307313,4,0,62.74,28.02,9.23,3,Multi-Device Power Users
818,17.16210274706495,3,5,1.49,71.67,26.85,7,Multi-Device Power Users
819,4.080942275237191,3,0,93.18,6.7,0.12,5,At-Risk Cancelers
820,14.737495182544235,2,0,67.58,29.68,2.74,0,Action Enthusiasts
821,32.50843104672444,4,4,19.47,37.04,43.49,4,Weekend Binge-Watchers
822,2.1760168741749086,3,4,18.31,62.8,18.89,7,Multi-Device Power Users
823,14.672968524263478,1,1,44.26,14.09,41.65,0,Action Enthusiasts
824,17.130410356455847,4,3,43.41,12.01,44.58,1,At-Risk Cancelers
825,22.42103291164107,2,1,28.54,42.69,28.76,6,Weekend Binge-Watchers
826,36.9545134236849,2,2,47.16,45.37,7.47,6,Weekend Binge-Watchers
827,15.161147785906527,2,0,5.9,10.9,83.2,2,Drama Loyalists
828,15.184221672056653,1,5,32.46,28.94,38.6,9,At-Risk Cancelers
829,30.02504742817044,3,0,40.2,18.88,40.92,3,Multi-Device Power Users
830,19.184281753812673,1,0,34.46,34.78,30.75,0,Action Enthusiasts
831,10.534983271719314,4,1,14.48,6.75,78.78,1,At-Risk Cancelers
832,19.19270161304235,2,5,50.48,13.32,36.19,5,At-Risk Cancelers
833,7.352566774432395,1,5,33.56,45.69,20.75,9,At-Risk Cancelers
834,8.702705487236486,1,5,36.17,4.68,59.15,1,At-Risk Cancelers
835,20.93797536410023,3,1,19.01,71.1,9.88,7,Multi-Device Power Users
836,17.919167081172823,3,0,39.25,20.05,40.7,3,Multi-Device Power Users
837,36.764144240587804,2,1,25.74,54.73,19.54,6,Weekend Binge-Watchers
838,15.77096816643206,1,4,30.01,38.23,31.76,9,At-Risk Cancelers
839,24.062357310565652,1,4,17.73,32.4,49.87,2,Drama Loyalists
840,26.026042940942155,3,1,53.46,9.9,36.64,3,Multi-Device Power Users
841,2.4975893503566784,1,5,41.06,34.91,24.03,9,At-Risk Cancelers
842,27.214420136635002,1,0,38.38,38.81,22.81,6,Weekend Binge-Watchers
843,8.765366741050554,1,1,13.43,40.76,45.82,2,Drama Loyalists
844,38.52067206383929,3,1,55.85,13.76,30.39,8,Weekend Binge-Watchers
845,7.649183654618293,2,1,35.94,9.38,54.67,0,Action Enthusiasts
846,17.755716701626902,4,2,70.04,22.55,7.41,5,At-Risk Cancelers
847,5.243287386988467,2,4,44.33,17.67,38.0,0,Action Enthusiasts
848,39.881221570145996,4,5,0.96,32.21,66.83,4,Weekend Binge-Watchers
849,21.08341039258722,1,3,43.89,44.26,11.84,9,At-Risk Cancelers
850,24.624630658161664,2,5,9.62,10.52,79.86,1,At-Risk Cancelers
851,4.548906140760244,4,3,73.28,4.63,22.1,5,At-Risk Cancelers
852,30.498497875168756,3,2,20.75,28.27,50.98,4,Weekend Binge-Watchers
853,9.976412537632259,3,1,19.93,45.29,34.78,7,Multi-Device Power Users
854,36.12606299874712,2,2,29.87,16.37,53.76,8,Weekend Binge-Watchers
855,9.795306338316273,2,2,42.58,43.96,13.46,0,Action Enthusiasts
856,9.24613338521933,1,0,41.46,32.25,26.28,0,Action Enthusiasts
857,3.388887378227605,2,4,44.13,53.37,2.5,9,At-Risk Cancelers
858,19.93854391417997,1,3,24.94,55.21,19.85,9,At-Risk Cancelers
859,23.463963063979424,1,1,7.39,32.13,60.49,2,Drama Loyalists
860,4.49692829827739,3,3,41.87,12.29,45.84,1,At-Risk Cancelers
861,31.470049434410402,3,5,20.95,30.15,48.9,4,Weekend Binge-Watchers
862,19.22497572042505,4,3,39.03,21.7,39.27,3,Multi-Device Power Users
863,21.92683023444804,3,5,29.66,29.1,41.24,4,Weekend Binge-Watchers
864,18.74898438365267,3,4,17.7,43.99,38.3,4,Weekend Binge-Watchers
865,17.228996313262385,2,5,3.41,40.55,56.04,1,At-Risk Cancelers
866,23.26633258971228,3,3,21.67,47.76,30.57,4,Weekend Binge-Watchers
867,7.899129345367076,4,3,59.02,24.81,16.18,5,At-Risk Cancelers
868,8.913268958820304,2,5,75.42,18.37,6.21,5,At-Risk Cancelers
869,34.74785359851366,4,2,31.44,34.56,34.0,4,Weekend Binge-Watchers
870,37.95238756107804,3,4,56.75,32.36,10.89,5,At-Risk Cancelers
871,16.18575401863061,4,0,16.96,57.22,25.81,7,Multi-Device Power Users
872,12.288297579455044,2,1,34.25,22.16,43.59,0,Action Enthusiasts
873,26.471982643082598,1,3,53.77,5.82,40.41,8,Weekend Binge-Watchers
874,17.531898501727664,4,1,5.98,58.58,35.44,7,Multi-Device Power Users
875,2.9646815150931047,4,0,46.28,26.02,27.69,3,Multi-Device Power Users
876,7.933798699915234,2,1,16.8,60.11,23.09,7,Multi-Device Power Users
877,29.206944696201106,2,0,21.32,48.23,30.46,6,Weekend Binge-Watchers
878,27.03910979258575,4,5,35.73,28.93,35.34,4,Weekend Binge-Watchers
879,3.0296477151323726,3,2,4.64,45.33,50.02,1,At-Risk Cancelers
880,10.434942153452079,4,3,25.69,28.62,45.69,1,At-Risk Cancelers
881,10.780842270346714,2,0,9.92,47.91,42.17,2,Drama Loyalists
882,27.53192425675168,1,1,52.42,15.63,31.95,8,Weekend Binge-Watchers
883,2.749000434665838,1,3,14.66,60.5,24.84,9,At-Risk Cancelers
884,5.956126115413806,3,2,23.89,36.66,39.46,1,At-Risk Cancelers
885,32.396811244181194,4,5,41.63,23.2,35.17,4,Weekend Binge-Watchers
886,8.784697158064677,1,3,40.62,24.65,34.73,0,Action Enthusiasts
887,26.80435209837124,4,0,34.01,26.58,39.41,3,Multi-Device Power Users
888,11.050945679775609,2,2,24.07,39.2,36.73,0,Action Enthusiasts
889,5.778772924855116,1,1,25.12,53.74,21.13,0,Action Enthusiasts
890,11.240543257979255,3,2,26.83,20.46,52.72,1,At-Risk Cancelers
891,29.44614341051505,2,2,15.35,69.87,14.77,7,Multi-Device Power Users
892,34.51646578803886,3,4,24.43,34.85,40.72,4,Weekend Binge-Watchers
893,33.54835485354568,2,2,21.02,64.44,14.54,6,Weekend Binge-Watchers
894,17.092974125501286,1,2,30.96,59.89,9.15,9,At-Risk Cancelers
895,27.387235189684553,3,3,35.07,41.63,23.3,4,Weekend Binge-Watchers
896,9.789403225801196,3,1,58.95,0.99,40.07,3,Multi-Device Power Users
897,13.139613749918503,2,3,32.46,44.01,23.54,9,At-Risk Cancelers
898,36.06076110380255,3,3,19.54,10.19,70.26,8,Weekend Binge-Watchers
899,2.4940730934079696,2,0,4.96,58.41,36.63,7,Multi-Device Power Users
900,5.249324172469787,2,3,41.54,43.31,15.15,9,At-Risk Cancelers
901,9.899677695549038,2,4,19.5,19.29,61.2,1,At-Risk Cancelers
902,3.0082237472051494,2,4,7.52,17.17,75.32,1,At-Risk Cancelers
903,8.894546533412298,1,0,32.09,41.0,26.91,0,Action Enthusiasts
904,24.155579316848304,2,5,51.77,21.01,27.22,5,At-Risk Cancelers
905,18.01413292251492,4,1,28.81,38.45,32.74,3,Multi-Device Power Users
906,35.921525020925046,3,1,65.71,25.27,9.02,6,Weekend Binge-Watchers
907,33.06285534606076,4,3,2.45,20.45,77.09,1,At-Risk Cancelers
908,14.989059364519287,1,3,42.32,42.94,14.75,9,At-Risk Cancelers
909,11.858090470389115,4,5,13.6,36.52,49.89,1,At-Risk Cancelers
910,16.428311510356142,3,3,44.04,55.17,0.78,7,Multi-Device Power Users
911,24.431207815562693,4,1,44.62,20.48,34.9,3,Multi-Device Power Users
912,12.186418351269298,1,2,30.09,33.37,36.54,0,Action Enthusiasts
913,25.71765849826709,2,4,22.48,42.68,34.84,9,At-Risk Cancelers
914,17.557642783267134,4,2,28.25,62.85,8.9,7,Multi-Device Power Users
915,22.97779287237525,1,2,26.53,30.3,43.17,2,Drama Loyalists
916,18.572808107142034,1,1,44.2,29.36,26.44,0,Action Enthusiasts
917,13.189698862592872,3,2,47.57,21.56,30.86,3,Multi-Device Power Users
918,38.041225664561956,3,5,17.12,44.62,38.26,4,Weekend Binge-Watchers
919,31.01702017807091,4,0,11.0,54.63,34.37,7,Multi-Device Power Users
920,7.324300679125197,2,3,59.04,14.14,26.82,0,Action Enthusiasts
921,35.00178308412069,1,0,48.98,46.04,4.98,6,Weekend Binge-Watchers
922,20.52238553348152,4,4,72.23,19.09,8.68,5,At-Risk Cancelers
923,35.992984621975474,1,3,12.17,37.55,50.29,2,Drama Loyalists
924,32.394499725997974,1,2,37.32,47.45,15.23,6,Weekend Binge-Watchers
925,18.15811316983087,2,4,62.89,19.62,17.49,5,At-Risk Cancelers
926,2.853833716164461,2,3,54.63,4.81,40.56,0,Action Enthusiasts
927,12.209739656627951,4,5,31.21,10.01,58.78,1,At-Risk Cancelers
928,22.582100157112944,2,5,2.25,88.68,9.07,7,Multi-Device Power Users
929,26.072172353393597,2,5,29.01,42.28,28.71,9,At-Risk Cancelers
930,11.799732046461687,4,5,60.65,10.78,28.57,5,At-Risk Cancelers
931,7.295530814767317,2,2,36.88,60.13,2.99,7,Multi-Device Power Users
932,33.727348998373365,3,0,70.85,25.25,3.9,6,Weekend Binge-Watchers
933,39.40728286673498,1,3,23.31,27.96,48.73,8,Weekend Binge-Watchers
934,21.97622692750206,1,2,44.51,49.23,6.25,6,Weekend Binge-Watchers
935,8.523812862235534,1,5,33.33,58.69,7.98,9,At-Risk Cancelers
936,12.34767840773602,1,0,42.68,29.53,27.79,0,Action Enthusiasts
937,2.698845708803736,4,4,53.25,0.75,46.0,1,At-Risk Cancelers
938,36.743354649298965,1,4,22.85,18.3,58.85,8,Weekend Binge-Watchers
939,6.474541149825363,1,4,1.21,37.55,61.24,2,Drama Loyalists
940,23.907626069541635,1,5,86.48,5.56,7.96,5,At-Risk Cancelers
941,12.414098386113828,1,4,7.9,53.82,38.28,9,At-Risk Cancelers
942,23.05876409560015,3,1,42.71,24.33,32.96,3,Multi-Device Power Users
943,26.75397475737084,1,3,44.97,26.95,28.07,8,Weekend Binge-Watchers
944,33.53018854087367,3,3,46.12,18.56,35.32,8,Weekend Binge-Watchers
945,9.844008326902923,4,5,29.73,34.01,36.26,1,At-Risk Cancelers
946,2.4178414890222584,2,1,36.05,55.1,8.85,7,Multi-Device Power Users
947,7.201653942614676,1,2,35.19,46.96,17.84,0,Action Enthusiasts
948,36.200708390227994,2,2,5.7,31.72,62.59,2,Drama Loyalists
949,35.20782294737558,2,4,26.24,39.64,34.13,4,Weekend Binge-Watchers
950,24.701697882471716,4,0,28.44,26.75,44.81,3,Multi-Device Power Users
951,24.819640696478828,2,2,29.36,25.97,44.67,8,Weekend Binge-Watchers
952,27.271393632757707,3,0,15.06,31.12,53.82,2,Drama Loyalists
953,8.664108587691084,2,3,51.58,5.01,43.4,0,Action Enthusiasts
954,36.74765394514847,2,0,10.36,10.19,79.45,2,Drama Loyalists
955,17.91327994589878,2,3,18.36,55.36,26.28,9,At-Risk Cancelers
956,16.559264073480904,1,1,47.45,18.44,34.11,0,Action Enthusiasts
957,21.718872800747825,1,1,34.98,43.44,21.58,6,Weekend Binge-Watchers
958,3.7847067374520917,3,5,1.52,45.06,53.42,1,At-Risk Cancelers
959,8.318768012731017,3,5,21.61,12.47,65.93,1,At-Risk Cancelers
960,30.045277424202077,1,4,17.7,59.02,23.28,9,At-Risk Cancelers
961,5.146349381154806,3,2,30.7,33.25,36.05,3,Multi-Device Power Users
962,24.91978015972275,1,4,14.58,30.95,54.47,2,Drama Loyalists
963,11.323266167890196,4,3,7.66,85.46,6.89,7,Multi-Device Power Users
964,16.793233333595108,2,4,24.88,48.8,26.32,9,At-Risk Cancelers
965,12.970361997286595,2,0,30.06,32.5,37.44,0,Action Enthusiasts
966,15.515563225668068,3,3,32.04,35.72,32.24,3,Multi-Device Power Users
967,29.323744397001327,1,5,35.43,35.79,28.77,9,At-Risk Cancelers
968,13.29062519368065,1,1,6.36,74.08,19.56,7,Multi-Device Power Users
969,23.523376331282094,3,5,59.82,18.6,21.58,5,At-Risk Cancelers
970,20.089915283565787,1,2,49.57,0.07,50.37,8,Weekend Binge-Watchers
971,27.21950428378063,4,3,49.2,16.62,34.18,5,At-Risk Cancelers
972,37.59953009434081,2,3,52.9,14.01,33.09,8,Weekend Binge-Watchers
973,29.837739693989512,3,0,55.06,39.07,5.88,6,Weekend Binge-Watchers
974,10.167734386448757,3,2,45.58,53.07,1.34,7,Multi-Device Power Users
975,3.1849591323288173,1,1,11.4,33.77,54.83,2,Drama Loyalists
976,11.966033683393354,3,3,61.07,1.61,37.32,5,At-Risk Cancelers
977,24.612961366609685,4,3,35.8,35.12,29.07,4,Weekend Binge-Watchers
978,3.9541809124015135,1,0,64.66,28.35,6.99,0,Action Enthusiasts
979,20.86191739364698,1,4,27.89,35.57,36.54,9,At-Risk Cancelers
980,24.68002825884179,1,1,4.4,35.73,59.87,2,Drama Loyalists
981,14.701267851044511,1,5,28.78,26.58,44.64,9,At-Risk Cancelers
982,31.294663742341232,4,2,77.93,11.39,10.67,5,At-Risk Cancelers
983,6.050733619083329,1,3,46.36,7.49,46.15,0,Action Enthusiasts
984,4.855235705960733,3,3,25.2,38.93,35.87,1,At-Risk Cancelers
985,29.671172735736928,4,5,16.87,57.63,25.5,4,Weekend Binge-Watchers
986,20.82867001583554,2,1,19.41,34.23,46.35,2,Drama Loyalists
987,28.15929106425397,2,4,54.35,6.28,39.37,8,Weekend Binge-Watchers
988,18.523438866942357,3,3,33.87,20.43,45.7,1,At-Risk Cancelers
989,11.363277263086058,3,1,36.8,34.07,29.14,3,Multi-Device Power Users
990,33.125888071619585,4,5,33.27,57.11,9.61,4,Weekend Binge-Watchers
991,32.37780340082121,2,0,59.56,11.17,29.27,6,Weekend Binge-Watchers
992,28.398465892468217,2,4,55.17,0.01,44.82,8,Weekend Binge-Watchers
993,12.341515214738582,2,2,30.32,30.61,39.07,0,Action Enthusiasts
994,24.42876534102531,2,3,27.68,23.09,49.23,8,Weekend Binge-Watchers
995,15.717008083721018,2,1,32.22,18.53,49.25,0,Action Enthusiasts
996,5.480118786412097,1,0,67.41,1.34,31.25,0,Action Enthusiasts
997,36.857915867565225,3,2,56.38,32.54,11.08,6,Weekend Binge-Watchers
998,7.199107974920533,1,1,3.83,50.92,45.25,2,Drama Loyalists
999,38.10901944519049,2,1,36.55,42.44,21.01,6,Weekend Binge-Watchers
1000,18.948219372402317,4,2,26.97,52.19,20.83,7,Multi-Device Power Users
